origen,date,username,user_fullname,n_replies,n_likes,n_retweets,text,tweet_language
df1,2019-05-27 11:49:18+00:00,bitcointe,Bitcointe,0,0,0,Cardano: Digitize Currencies; EOS https://t.co/1kTKqKEBlS 6500% ROI; AT&amp;T Bitcoin Bill Pay https://t.co/eQCwOXKHK0   |  Cardano (ADA) üåèüì¢üòéü§ëüíµ | #FolloForFolloBack #follo4folloback #followforfollow #bitcointe #cryptocurrency,en
df1,2019-05-27 11:49:06+00:00,3eyedbran,Bran - 3 Eyed Raven,0,2,1,Another Test tweet that wasn't caught in the stream ! bitcoin,en
df1,2019-05-27 11:49:22+00:00,DetroitCrypto,J. Scardina,0,0,0,Current Crypto Prices!   BTC: $8721.99 USD ETH: $266.62 USD LTC: $114.03 USD BCH: $432.02 USD XLM: $0.133 USD DOGE: $ 0.00314 USD NEO: $12.04 USD XRP: $0.4092 USD CANN: $0.001482 USD EMC2: $0.1198 USD XMR: $94.65 USD BTG: $24.31 USD,en
df1,2019-05-27 11:49:23+00:00,mmursaleen72,Muhammad Mursaleen,0,0,0,Spiv (Nosar Baz): BITCOIN Is An Asset &amp; NOT A Currency.  https://t.co/FJru1ooxSM  https://t.co/fYBX4H6r6r  https://t.co/xZSjmZ0h3K  https://t.co/v7GRFIQG7w  https://t.co/Oq5hQt5hNn,en
df1,2019-05-27 11:49:25+00:00,evilrobotted,evilrobotted,0,0,0,@nwoodfine We have been building on the real #bitcoin SV.  What have you been building on broken BTC?,en
df1,2019-05-27 11:49:32+00:00,MLWright15,ML Wright,0,0,0,"CHANGE IS COMING...GET READY!!! Boom, Another [CB] Jab, Nothing Can Stop This! Globalism at its end stage, [CB] push to make a one world govt. coming to an end.   The People Are Taking the Lead, &amp; Leaders Will Have to Follow the Majority!!!  WWG1WGQ!!!  https://t.co/tAjFwxnWD4",en
df1,2019-05-27 11:49:19+00:00,ltonews,LTONEWS,0,14,2,"One of the useful articles of Stefan; here is the guide, you can run a @LTOnetwork  node on Alibaba Cloud.  https://t.co/iJ9rlkaabt  #ltonetwork $lto #Eth #xrpcommmunity #crypto #xlm #xrp #blockchain #xrpcommmunity #eos #xmr #trx #ltc #enjin  #ethereum #bitcoin",en
df1,2019-05-21 16:49:45+00:00,giving_airdrops,Daily_Airdrops,47,81,84,"BTC IS STILL GOING STRONG!!  Thus, we are giving away 0.04 BTC and 10 BNB to 2 lucky winners!  GIVEAWAY doubles at 250 RT!   To enter: Follow us  Subscribe https://t.co/XDmlTtX3ie   RT  #airdrop #bitcoin #ico #cryptocurrency  #xrp #ETH #TRX #Binance #ethereum #btc #crypto #bounty https://t.co/pbCOQu3Uzo",en
df1,2019-05-22 12:42:16+00:00,Cybintelligence,CybIntelligence,3,2,7,BestMixer has been seized by the Dutch Police / Luxembourg Police and French Police w/ association from Europol. BestMixer was a Bitcoin Mixer/Tumbler. #Cryptocurrency #Bitcoin #BestMixer https://t.co/dXrEY9yAtt,en
df1,2019-05-27 11:49:30+00:00,optbus_hw45,Optimized Business,1,1,1,Invested my Life Savings into Bitcoin and Ethereum | Vlog¬†#09 https://t.co/CEL0BXw3fs https://t.co/AET16t8a56,en
df1,2019-05-27 08:13:06+00:00,CCNMarkets,CCN.com,5,167,68,"Bitcoin Price Hits $8,939 in New 2019 High: What‚Äôs Driving the Hypnotic Rally? https://t.co/BADC8cBQdd",en
df1,2019-05-27 11:49:17+00:00,malfouh,Emad Almalfouh,1,1,1,"#Countdown #ComingSoon The $QLC airdrop, #Q_Gas tokens for every QLC holders, Don't waste the opportunity buy now and hold.  $btc $dent $poa $mco $sky $hot $link $btt $trx $gnt $sys https://t.co/CWDySJ8ab0",en
df1,2019-05-27 11:27:22+00:00,BoilingPointLTC,Dr. Rob D.eez Nutz,1,19,6,You have roughly 6 days left to get your #LaunhPadFoundation 50/50 #raffle tickets in!! Current pot is around 16.5 #Litecoin!! Head over to https://t.co/qLTV0r5aF8 and grab your #tickets today!! #LTC #BTC #Crypto. #LitecoinFam #airdrop #DGB #DigiByte @jonnylitecoin @LTCFoundation https://t.co/aFIbK1Pd26,en
df1,2019-05-27 08:32:08+00:00,giving_airdrops,Daily_Airdrops,14,40,39,"BTC IS GOING CRAZYYY!  Thus, we are giving away 0.04 BTC and 10 BNB to 2 lucky winners soon!  GIVEAWAY doubles at 250 RT!   To enter: Follow us  Subscribe https://t.co/XDmlTtX3ie    RT  #airdrop #bitcoin #ico #cryptocurrency  #xrp #ETH #TRX #Binance #ethereum #btc #crypto #bounty https://t.co/NDMqjP63fY",en
df1,2019-05-26 20:55:29+00:00,BerlyChain,Berly Chain,1,28,4,$HOT $HOT $HOT üçÄ  üöÄüöÄüöÄüöÄüöÄ  üî•üî•üî•üî•üî• https://t.co/jtvvQJloPN,en
df1,2019-05-02 17:36:29+00:00,Drife_official,Drife,6,282,85,https://t.co/Ip0ph8uZYn  #cryptocurrency #drife #blockchain #crypto #eos #eth #ethereum #btc #cabs #taxi #ride #rides,en
df1,2019-05-27 11:49:39+00:00,AvaTrade,AvaTrade,0,0,0,"Crypto prices rose across the board over the weekend as Bitcoin nears $9,000 level.  Trade Bitcoin and other Crypto Currencies with #AvaTrade today!  #Trade #Crypto #Bitcoin #XRP #ETH #XLM #DASH #Litecoin #Blockchain  71% of retail investor accounts lose money. https://t.co/VYCJ88PQvK",en
df1,2019-05-27 11:49:38+00:00,charlesaunger,Charles Aunger,0,0,0,"Bitcoin SV (BSV) Price Spikes 33%, Gains $1 Billion From a $55 Copyright Application - CCN https://t.co/DVF1AqJGxk https://t.co/7xIKJBb2e2",en
df1,2019-05-27 11:49:42+00:00,charlesaunger,Charles Aunger,0,0,0,"Bitcoin Whales Move 27019 BTC in Crypto Rally ‚Äì Plus Ripple and XRP, Ethereum, Litecoin, Stellar, Tron, Cardano - The Daily Hodl https://t.co/8W0dp4YKTi https://t.co/nElvOLiGdV",en
df1,2019-05-27 11:49:46+00:00,FinZTribune,ZTribune,0,0,0,"As Intel $INTC Valuation Rose, Btc Capital Management Has Increased by $418,968 Its Position; Schlumberger LTD $SLB Share Price Declined While Mcdaniel Terry &amp; Co Cut by $1.42 Million Its Holding https://t.co/HmDE6GHvVW",en
df1,2019-05-27 11:49:47+00:00,jjhulla9,Jayy sqaur3d,0,0,0,This is true. Crypto currency is a new asset class people are just now beginning to understand. I'll see my fellow traders on the Moon.,en
df1,2019-05-27 11:49:48+00:00,sheikki,sheikki,0,0,0,"@APompliano If by Bitcoin you mean BSV, I fully agree with you. However, if you're talking about BTC, you couldn't be more wrong. Five years from now nobody will even remember what BTC was",en
df1,2019-05-27 11:51:01+00:00,DeepaBh00343796,Deepa Bhardwaj,0,0,0,Pls save cuttoff 60/ 65,en
df1,2019-05-27 01:37:37+00:00,crypto_birb,Crypto‚Çøirb,31,141,8,bitcoin may pump to 100k but I bet my ass 1DOGE=1BTC this season,en
df1,2019-05-27 11:49:40+00:00,dergigi,Gigi,1,1,1,"@keyvandavani @TuurDemeester @100trillionUSD @jimmysong @ToneVays @TraceMayer How many sats per person?   ~3 million lost. 18 mil / 10 bil = 0.0018 BTC per person. = 180k sats per person   Math can't answer the question though, because you would have to take hodlers of last resort into account. And other things, like timelocked and future lost coins etc.",en
df1,2019-05-27 11:54:16+00:00,DastardlyDaniel,‚íπ-‚ìÄ‚í∂‚ìÉ‚íº,0,0,0,@MarkMarkafv @SrCapilla @woonomic The Virgin Shitcoin pattern vs the Chad Bitcoin Pattern,en
df1,2019-05-25 10:14:41+00:00,cryptowhitewalk,Crypto White Walker,8,94,76,ohh and just incase anyone is interested in some free $BTC 9100 by 06/15 follow..like..retweet for a chance to win amount has been increased from 0.1btc to 0.12 thanks to @dontknow_phew https://t.co/b4WSGVZWuE,en
df1,2019-03-12 23:23:19+00:00,coinairdropall,Crypto Airdrops,1,0,1,#Bitcoin #Satoshi #crypto #blockchain #Airdrop New Airdrop #Idap üì¢  Idap Round 3 airdrop is worth 200 #IDAP and 200 #IDAP by referral ‚úàÔ∏èüí∞  1. Sign up Here : https://t.co/HHixVAi42h üöÄ  2. Verify your Email  3. +200 #IDAP by ref https://t.co/0b8MgKDve1,en
df1,2019-05-27 11:49:54+00:00,nave_en_kumar,Naveen,0,0,1,#Elections2019 #Varanasi #MondayMotivation #JayeshbhaiJordaar #Ahmadiyya #bitcoin #mondaythoughts #Prabhas #ModiInVaranasi #Saaho #Bharat #MondayMorning #Devi2In4Days #ManojPahwa #BharatWithFamily https://t.co/Ewf0rpOaIF,en
df1,2019-05-27 12:02:00+00:00,DeribitRekt,DeribitRekt,0,0,0,‚è∞ LIQUIDATION on BTC-PERPETUAL ‚ò†Ô∏èÔ∏è   Bought $10 of #BTC @ $8777.50  27 May 2019 12:01:37 UTC Trade ID: 22290894,en
df1,2019-05-27 12:02:00+00:00,DeribitRekt,DeribitRekt,0,0,0,‚è∞ LIQUIDATION on BTC-PERPETUAL ‚ò†Ô∏èÔ∏è   Bought $300 of #BTC @ $8780.00  27 May 2019 12:01:37 UTC Trade ID: 22290903,en
df1,2019-05-27 11:49:54+00:00,Utoday_en,U.today,0,1,1,#LTCprice surges ahead of $BTC quotes as users show more interest in the #LTCnetwork $LTC #Litecoin #LTChalving #top10coins https://t.co/FJy0nUwdkI,en
df1,2019-05-27 11:49:45+00:00,OlatotseLegoh,legoh olatotse,0,0,1,mahachiüëèüëèüëè https://t.co/YONsRNRy6y,en
df1,2019-05-27 11:45:48+00:00,crypto_sarah9,‚≠êÔ∏è Crypto Sarah ‚≠êÔ∏è,3,42,8,It's beginning! https://t.co/V0MyRYS91q,en
df1,2019-05-27 11:49:59+00:00,nefertititrade,Nefertiti Tradebot,0,0,0,Done Sell. $SRN-BTC priced at 0.018713 #Bittrex,en
df1,2019-05-27 11:50:00+00:00,dung1prohb,AligaPika,0,0,0,I hope that the project will be interested in large investment funds. This platform deserves attention.Experienced specialists are working on the project. #KOI #KOITOKEN #Crypto  #Blockchain  #ethereum #bitcoin #ether  #cryptocurrency   #tokensale. @koitoken,en
df1,2019-05-27 11:50:02+00:00,stolenfriend,Nighat Mursaleen,0,0,0,Spiv (Nosar Baz): BITCOIN Is An Asset &amp; NOT A Currency.  https://t.co/3WmF9pr26H  https://t.co/tPiVP2uljf  https://t.co/Iggmuwnt9D  https://t.co/zy0LoGJ5Uu  https://t.co/WVtEytPRIN,en
df1,2019-05-27 11:50:02+00:00,CoinCapsAi,CoinCaps.ai,0,0,0,"Top 5 #cryptocurrencies   Alert Time: 2019-05-27 14:50:02 #Bitcoin: $8,706.712 #Ethereum: $266.511 #XRP: $0.409 #BitcoinCash: $432.692 #Litecoin: $113.525 #btc #xrp #enigma $JPY #smartmoney  https://t.co/rdEr8N5koT",en
df1,2019-05-27 11:50:03+00:00,TonirLapine4861,ÊöóÂè∑ÈÄöË≤®ÊÉÖÂ†±Ôº†Á®º„Åê,0,0,0,"ICYMI: Ruden Holding, a Japanese real estate company, to use #Bitcoin and #NEM blockchain for contract based settlements. Read the full story belowüëá",en
df1,2019-05-27 11:50:03+00:00,statesupervisch,indiazeppelin,0,0,0,"@CNBCFastMoney Great to @CNBCFastMoney back on the bitcoin bandwagon ........ when $20,000? Soon! When XRP $5? Soon!!!!!! #xrp",en
df1,2019-05-27 11:50:04+00:00,tomar_saniya,Saniya Tomar,0,0,0,"@CryptoBull   BitMEX‚Äôs Hayes: Bitfinex‚Äôs LEO Sale Sign Of Returning Bitcoin Bull Market  Weeks ago, Bitcoin exchange giant Bitfinex raised $1 billion worth of capital, purportedly denoted in Tether‚Äôs USDT, in an in-house initial exchange‚Ä¶.read more https://t.co/rlMUzohmZN",en
df1,2019-05-27 11:40:26+00:00,Fahim_BTX,Fahim_‚ÇøTX,4,28,16,$BTX @Bitcore_BTX $1.11 +28.29% create your own watchlist on @COIN360com #COIN360  #BTX @bit_send @megacoin_mec @Megacoin__MEC #BSD $BSD #BTC https://t.co/NDKhBMOS9I,en
df1,2019-05-27 11:50:04+00:00,eduardoleon22,eduardo leon,0,0,0,Find the best Cryptocurrency and Bitcoin Affiliate Programs on Forex Directory! #CryptocurrencyAffiliatePrograms #CryptocurrencyAffiliateMarketing #BitcoinAffiliatePrograms #BitcoinAffiliateMarketing #ForexDirectory https://t.co/vLTo16I7El,en
df1,2019-05-23 14:14:21+00:00,CRESIOcoin,CRESIO,4,46,30,Cresio and Airdrop Alert in MALTA AI &amp; BLOCKCHAIN SUMMIT 2019 @BlockchainMT @Airdropalertcom   #btc #bitcoin #cresio #cres #trade #trading #signals #airdrop #bounty #token #ethereum #xrp #ripple #multiexchange #exchange #cryptocurrency #ico #blockchain #investor #profit #crypto https://t.co/kn5IXou4LW,en
df1,2019-05-26 20:57:45+00:00,Schuldensuehner,Holger Zschaepitz,11,109,52,#Bitcoin hits 12mth high in sudden parabolic swing. https://t.co/KX9UkpgaHW,en
df1,2019-05-24 04:22:02+00:00,cotrader_com,cotrader.com,2,14,8,"Will Jimmy Song lose his $500K bet with Joe Lubin, with 25 dApps at 5k MAU already, 4 years early?  The bet: will 5 dapps have 10k users by May 23 2023:  If yes, Jimmy to pay Joe 810.8 ETH.  If no, Joe to pay Jimmy 69.74 BTC  @jimmysong vs @ethereumJoseph  https://t.co/rl1atOBp52",en
df1,2019-05-27 11:25:16+00:00,TronVegasOnline,TronVegas,1,12,6,"‚ô¶Ô∏èHuobi Wallet Event‚ô¶Ô∏è  ‚ö†Ô∏èOnly 5 Hours left to Participate‚ö†Ô∏è  ‚ô¶Ô∏èSimply have any amount over 1000 TRX in the wallet at that time‚ô¶Ô∏è  üí´Share 50,000 TRX + 6,666 KENOüí´  @huobiwallet @TheCryptoTimes_ @crypto @CryptOrca @ForbesCrypto @binance   #tron #vcoin #crypto #dapps #eth #btc https://t.co/FrNmwI2V0d",en
df1,2019-05-27 11:50:04+00:00,9OHifJ3LYR6pSrl,–í–ª–∞–¥–∏–º–∏—Ä,0,0,1,All users is very good. https://t.co/JUB1fUuipT,en
df1,2019-05-27 11:50:06+00:00,ccexapp,Bitcoin  Forecast Ô£ø,0,0,0,"Tomorrow's KIZUNACOIN(KIZ) forecast is          ‚ñ≥UP 57%  ‚ñºDOWN 43%  #KIZUNACOIN, #KIZ  Bitcoin Forecast (iOS) https://t.co/mGv869Ccp6 https://t.co/PAMNJTBp6T",en
df1,2019-05-27 11:50:07+00:00,inputspike,Inputspike,0,0,0,"BTC/POA (Binance) gained 7.29% in the last 20 min. 0.03083687USD, 0.00000379…É $POA #POANetwork #cryptocurrency https://t.co/GgWeZf2eOz",en
df1,2019-05-27 11:50:09+00:00,jasonclarktwit,Jason Clark,0,0,0,"this channel called $DGB before it made 6x. they only share high reward, low risk signals. join:  https://t.co/DCwubDNWGc  $BTC $ETH $ETC $BCH $LTC $XRP $DASH $BTG $XLM $XMR $ZEC $ADA $SNT $NEO $NXT $OMG $POWR $VTC $LUX $XEM $LSK $DGB $DOGE $XVG $GRS $AMP $ZCL $DRGN $DCR 76987",en
df1,2019-05-27 11:41:32+00:00,mariita52steem,mariita52,0,1,1,Day # 2 Making noise on twitter. ### Sharing seven STEEMians Seven77. happy life. russia-btc's twitter Feed : 2019/05/27 13:10:53 ‚Äî Steemit https://t.co/e3VUl3hjdM,en
df1,2019-05-27 11:50:11+00:00,DavidKubot,David Kubot,0,0,0,@CryptosBatman Bitcoin keychain üòÇ,en
df1,2019-05-27 11:50:12+00:00,GolebiewskiGreg,Greg Golebiewski,0,0,0,"@illespal @mdudas My original point though was in response to Dudas' With BTC at $8000, this is your chance to get rich. I think it is important for all would-be BTC millionaires to understand how speculative assets gain/lose its value.",en
df1,2019-05-27 11:50:16+00:00,RolloMcFloogle,Rollo McFloogle,0,0,0,Does anyone have the URL to the website that shows how much more time is needed to confirm a transaction on a bunch of altcoins to have the equivalent proof of work of a #Bitcoin confirmation? I cannot remember it for the life of me.,en
df1,2019-05-27 11:50:18+00:00,PaulMcGowan75,Paul McGowan,0,0,0,#MATIC üëä  #BINANCE #BITCOIN https://t.co/lMCqAeYEUL,en
df1,2019-05-27 11:50:21+00:00,techterrene,Techterrene,0,0,0,Bitcoin rallies 10% to hit 12-month¬†high https://t.co/MRTajQw1xG,en
df1,2019-05-27 06:20:23+00:00,theo_crypto99,Theoüìö Crypto99‚Ñ¢,0,0,0,Well said. This is what i am trying to show/tell you guys. Here it is given on a silver platter. Good luck peeps #crypto #bitcoin,en
df1,2019-05-27 06:15:49+00:00,DigiFinex,DigiFinex Exchange,164,1335,161,#Bitcoin on @WheelofFortune ! (Posted by CryptoParody on Reddit.) https://t.co/Aq43sP9ANQ,en
df1,2019-05-10 09:59:45+00:00,SwingTrader1974,Ta-Trade,0,0,0,@mark_dow Bitcoin is the one imv,en
df1,2019-05-10 10:03:54+00:00,TxHodlEm,Texas HodlEm,0,0,1,Bitcoin FUDsters RN https://t.co/Yxo3TCxQci,en
df1,2019-05-10 10:04:39+00:00,Paul__Brainy,Paul Brainy,0,0,0,"@KennETHbosak \"Banking on Bitcoin\" on Netflix.",en
df1,2019-05-27 11:49:04+00:00,CryptoHangover,ùîºùïùùïûùï†üò∏üë©‚ÄçüöÄüßô‚Äç‚ôÇÔ∏è,1,29,7,"I didn‚Äôt buy enough #bitcoin at thee bottom!  Waiting, Hoping &amp; Praying for hyperwave bottom target ü•∂ https://t.co/4eEzIbtg4M",en
df1,2019-05-26 19:58:37+00:00,neha,Neha Narula,54,715,70,"No, you're really not. This is gaslighting bullshit. The entire thread is a travesty.  Always question, never settle, and know that there are lots of us who try to debate, criticize, learn, and improve without being jerks. https://t.co/YbGmBSo2GO",en
df1,2019-05-27 01:57:40+00:00,APompliano,Pomp üå™,142,1476,177,Someone check on @nouriel.  Bitcoin seems to be coming back with a vengeance ever since he blocked most of Bitcoin Twitter.,en
df1,2019-05-18 21:37:23+00:00,m3tals1,m3tals,4,29,7,"@xrp_news @coinbase @APompliano I‚Äôm ‚Äòfairly‚Äô new to Crypto, so I had only transferred XRP to a couple of places. So, when I first transferred BTC it took so long that I actually thought I had ‚Äúlost‚Äù all my money... https://t.co/t8fybNlmwL",en
df1,2019-05-27 00:02:39+00:00,MoonOverlord,Moon Overlord,21,382,41,Keep your eye on the prize bears you got this.  $BTC https://t.co/89BC3Yykjf,en
df1,2019-05-27 11:50:24+00:00,PaulESamson,Paul Samson,0,0,0,(15 Great Ways for Absolute Beginners to Learn About Bitcoin (BTC)) News Aggregated By https://t.co/HdKcH29ZKZ - https://t.co/PoOebNFBMU #Crypto #cryptocurrency #Cryptonews,en
df1,2019-05-27 11:50:28+00:00,andrewfinney79,AndrewMacLean-Finney,0,0,0,@ElizabethNoll @redditships Probably still in Bitcoin. Bought 300k and then it dropped 2/3rds in price leaving 100k. Husband has probably been holding onto it for a year going it will recover and he can put it back without ever telling her.,en
df1,2019-05-27 11:50:29+00:00,DetroitCrypto,J. Scardina,0,0,0,Current Crypto Prices!   BTC: $8718.83 USD ETH: $266.54 USD LTC: $114.02 USD BCH: $432.01 USD XLM: $0.1328 USD DOGE: $ 0.003139 USD NEO: $12.04 USD XRP: $0.4091 USD CANN: $0.001482 USD EMC2: $0.1201 USD XMR: $94.62 USD BTG: $24.31 USD,en
df1,2018-09-11 05:46:06+00:00,coinimonster,CoiniMonster (Not giving away Coins),0,3,2,I didnt tether at $7300 #iamspartacus $btc $eth $tusd $ocn,en
df1,2019-05-27 11:50:34+00:00,coinspectator,Coin Spectator - Real-time cryptocurrency news,0,0,0,How to Buy Litecoin in 2019 ‚Äì Preparing for the Litecoin... #bitcoin #altcoins #ico Cryptocurrency News https://t.co/3eWSC3LEU5 https://t.co/RtS50QBvCP,en
df1,2019-05-27 11:50:36+00:00,ThinkingETH,Arthur (Ether is Money),0,0,0,"@KelvinK06741463 Just curious, how do you package the BTC gift in a more presentable way? Giving her a ledger and send her the BTC afterwards doesn't sound so user friendly.",en
df1,2019-05-27 11:50:37+00:00,rhum01,rhum,0,0,0,@JohnLafrance looking at the weekly candles -&gt; https://t.co/cYL2iCPi8e,en
df1,2019-05-27 11:50:39+00:00,Ziba59188395,Ziba,0,0,0,"@AliveCasino ,@ARFREYR, @ArthurB ,@ZiaNabavi1 ,@AmeerRosic ,@coin_wonder ,@wizkidayo ,@yegg ,@cni ,@bijancbayne ,@bah",en
df1,2019-05-27 11:50:39+00:00,CryptoBreakNews,Crypto Breaking News,0,0,0,Why Analysts are Adamant Bitcoin Rally is Just Gettin‚Äô Started After 130%¬†Gain https://t.co/WP1n4mLEPc https://t.co/w1YJNoyOTa,en
df1,2019-05-27 11:50:41+00:00,IDOLCOIN_bot,IDOLCOIN Price,0,0,0,$IDOL(BTC) Price: 1sat Volume: 0.0 BTC $IDOL(DOGE) Price: 0.00017 DOGE(0.00598sat) Volume: 2594 DOGE(0.001 BTC) $BTC(JPY) Ôø•953003,en
df1,2019-05-27 11:50:40+00:00,dcolgren,David Colgren,0,0,0,Bitcoin Climbs to Highest in a Year Amid Cryptocurrency Comeback https://t.co/28VeeDZSLj,en
df1,2019-05-27 11:50:41+00:00,dcolgren,David Colgren,0,0,0,The latest BLOCKCHAIN &amp; DISTRIBUTED LEDGER! https://t.co/9TYdsJjNKd Thanks to @joel02029804 @BlockChainCampu @Fintech__Forum #blockchain #bitcoin,en
df1,2019-05-27 11:33:39+00:00,holochainnews,HOLONEWS,1,152,44,New release!  holochain-nodejs-v0.4.16-alpha2 has been released 2 hours ago.  ¬†https://t.co/PPdfU3h7yQ  #holochain #Holo #xrp #ETHEREUM #xrpcommmunity #bitcoin #xlm¬† #crypto #eos¬† #internet #trx #ltc #decenteralized #apps #dapps #Software #development #developer #binance,en
df1,2019-05-11 00:12:46+00:00,Verdict,ryan,0,0,0,$1000 left!,en
df1,2019-05-27 11:50:39+00:00,Zel_Core,ZelCore-with ‚ù§Ô∏è by $Zel,0,3,2,Win + ‚ù§Ô∏è https://t.co/3vfzboSaad,en
df1,2019-05-27 04:26:49+00:00,CryptoAmb,AMBCrypto,0,11,6,Bitcoin prices hit $150 billion market cap for the first time in 2019 as prices pump by 11% https://t.co/sPW3jjiWr2 #btc #bitcoinprice #pricesurge,en
df1,2019-05-27 03:41:23+00:00,ProofOfSteve,Steve ‚Çø,2,51,11,"Get ready for a swell of public and media interest in #Bitcoin again once the price hits $10,000. Its a psychological round number which as humans we are conditioned for this to peak our interest. #btc #crypto",en
df1,2019-05-27 03:16:11+00:00,blocksearch,Blockchain Intelligence Group,0,7,3,"BIG Blockchain Intelligence Group announces acquisition of Netcoins Operations, entry into Bitcoin Institutional OTC Trading and Cryptocurrency Custody Services - https://t.co/64CtBRv9uV",en
df1,2019-05-27 03:29:34+00:00,Josh_Rager,Josh Rager üìà,26,300,24,Thanks for ruining the $9k targets guys https://t.co/OseXAvMu1K,en
df1,2019-05-27 11:50:46+00:00,digital_mine_,digital mine ‚ö°ü§ñüë®‚Äçüíª,0,0,0,Daily profit for HODLING BTC since 2013 Data taken since 29/10/2018 @ 10:45am (UTC) Updated every hour #bitcoin #btc #cryptocurrency #blockchain #cryptotrade #profit #digitalmine https://t.co/TrBji0Se0w,en
df1,2019-05-27 11:50:49+00:00,Rahulku48630663,Rahulxyz,0,0,0,nice project good one ## @barrysilbert @HenrikhMkh @KDTrey5 @KSHMRmusic @AriDavidPaul @psskow @Unathi_Kwaza @kpagekirby @ZHAF_NST @GStephanopoulos,en
df1,2019-05-27 11:50:53+00:00,WhatsappEmoji,whatshappening,0,0,0,1. #BTC: $8704.59 (9.36%) 2. #ETH: $266.60 (7.3%) 3. #XRP: $0.41 (7.21%) 4. #BCH: $433.53 (9.03%) 5. #LTC: $113.55 (12.85%) 6. #EOS: $6.95 (10.36%) 7. #BNB: $34.35 (1.75%) 8. #USDT: $1.01 (0.47%) 9. #XLM: $0.13 (6.2%) 10. #ADA: $0.09 (7.95%)  #blockchain #crypto #altcoin,en
df1,2019-05-27 11:50:55+00:00,boukman2004,Senet Achil,0,0,0,"$BTC.X Robinhood Uses BitLicense, Brings Zero-Fee Crypto Trading to New York https://t.co/wKV7dENVXa",en
df1,2019-05-27 11:50:55+00:00,BitcoinBlockNtf,BitcoinBlockNotifier,0,0,0,-=[ 578.020 ]=-  Txs: 1 Size: 288 bytes Stripped: 288 bytes Time: 1558957844  Reward: 12.5 BTC Fees: 0 BTC Miner: BTCcom  Mempool: 7.159 txs,en
df1,2019-05-27 11:50:55+00:00,BitcoinBlockNtf,BitcoinBlockNotifier,0,0,0,-=[ 578.019 ]=-  Txs: 2.687 Size: 1.16 MB Stripped: 0.88 MB Time: 1558957836  Reward: 12.5 BTC Fees: 1.15324107 BTC Miner: AntPool  Mempool: 7.159 txs,en
df1,2019-05-27 11:50:58+00:00,hammileon,–í–∏–∫—Ç–æ—Ä,0,0,0,I liked the project very much,en
df1,2019-05-27 11:50:58+00:00,GabeCoin,Gabriel Sukenik,0,0,0,"Dear @tokenhiphop, this is your crypto advisor w the latest update in the markets.   Bitcoin currently trading at ~$8700, so Token‚Äôs token portfolio up ~ +270%. It seems the Somewhere In Between tour marked the end of the crypto bear market.   ..nobody talks about this üßêüë®‚Äçüíªüòé",en
df1,2019-05-27 11:50:49+00:00,ArifSaiyad_ASA,Arif Saiyad,0,6,1,It was wonderful meeting @bobbyclee along with @KB_Shroff. We had a great time discussing the industry and its future trends.   #technology #bitcoin #tech #industry #investment #future #futuretrends #blockchain #trends https://t.co/lElr3YfF3K,en
df1,2019-05-27 06:37:50+00:00,CoinDeskMarkets,CoinDesk Markets,2,27,7,"BTC   Pullbacks if any all likely be short-lived. BTC has found acceptance above $8,300 after multiple attempts.   So, pullbacks if any will likely recharge engines for a rise above $9k",en
df1,2019-05-27 07:01:02+00:00,100trillionUSD,Plan‚Çø,26,632,221,$USD lost 99.99% of it's value ... against #bitcoin 2011-2019 https://t.co/BeUq4yBeND,en
df1,2019-05-27 11:43:28+00:00,Stake,Stake.com,2,7,3,üíÄ Warning! Deadly Mines challenge! Do you have what it takes to complete our most explosive challenge yet? If so be sure to claim your spot in this prize pool of up to 0.1 Bitcoin! https://t.co/JqYw9Ta5LG #stake #challenge #bitcoin https://t.co/AvzafbaERp,en
df1,2019-05-27 11:50:47+00:00,bitcoin_ox,Bitcoin OX,55,45,45,Follow! Like! Retweet! #investing #investment #finance #investinyourself #cryptocurrency #crypto #cryptotrading #cryptomarket #cryptonews  #forextrader #coin #alt #boss #btc #bitcoin #Airdrop #bitcoin_ox #bitcoinox #bitcoin #bounty #Ethereum #freetoken #freecoin #follo4folloback https://t.co/NJ5dpnYubE,en
df1,2019-05-20 17:07:49+00:00,AioCasino,AIO Casino,0,36,35,We will be releasing more information about our games and token sale soon.  #AioCasino #AioToken #AIO #crypto #bitcoin #blockchain #btc #Casino #Gambling #ICO https://t.co/VEp9Tt65VG,en
df1,2019-05-27 11:18:11+00:00,rektcapital,Rekt Capital,22,172,9,Who bought the dips on #Bitcoin before the breakout rally? üôã‚Äç‚ôÇÔ∏è  $BTC,en
df1,2019-05-27 11:51:00+00:00,wpeace4886,TWpeace4886,0,0,0,Praise #Satoshi another 10 #Bitcoin blocks have been found! Be thankful for EVERY Block! Block #: 578020 Hash: 000000000000000000178b495c00fd4def4bca1e0440fb3118d696b92bef3050 https://t.co/r4WZ03PbWV,en
df1,2019-05-27 11:51:01+00:00,WawasanCepat,Boboho,0,0,0,@bobohokeren01 @sex_kimcil @utamipanjaitan6 @nanaswandanahi1 @kritingkeren212 @tigorketot @tirnahushus @TirnaAyudia @helioskeren @fiedmyelitaput1,en
df1,2019-05-27 11:51:01+00:00,Dosto420,Shoyli Sheikh,0,0,0,The best in class protocol for insurance specially designed with cryptocurrency in mind. More information visit : https://t.co/DFsLUv8xS1  #inzura #btc #eth #tokensale,en
df1,2019-05-27 11:51:02+00:00,James_heart7,James_about_health,0,0,0,"Bitcoin nears $9,000 as it breaks through its highest level this year https://t.co/sRDNuDAgKW",en
df1,2019-05-27 11:51:03+00:00,BlockWatcher,Block Watcher,0,0,0,Mon May 27 13:50:44 2019 (0:08) USD : 8726.34 Wght: 0.44 Blk#: 578020 Size: 0.3 KB TXs:  1 Pool: 6890 (3.6 MB) @dellisny 0 #bitcoin,en
df1,2019-05-27 11:51:06+00:00,Bitcoin_Win,Bitcoin Warrior,0,0,0,Bitcoin price prediction: BTC prices primed for small correction that could evolve into a major¬†correction https://t.co/EReoNA2VSO https://t.co/fCq5vvcDDy,en
df1,2019-05-27 11:51:07+00:00,dotmops,.mops,0,0,0,"don't care if CSW is satoshi or not, what I'm sure about is BSV will pump a decent amount in a real bull run üëåüèªgimme gimme",en
df1,2019-05-27 11:51:08+00:00,gravityf0rce,universal mind,0,0,0,"In the last edition of ‚ÄúCrypto Trader Digest‚Äù it was suggested that the recent IEO boom is a sign of returning Bitcoin bulls. IEOs have already seen massive success: Bitfinex raising $1 billion from investors, Binance seeing long lines for its IEOs. https://t.co/oLtOyRiKle",en
df1,2019-05-27 11:51:09+00:00,tomar_saniya,Saniya Tomar,0,0,0,"@bitcoin13401109   BitMEX‚Äôs Hayes: Bitfinex‚Äôs LEO Sale Sign Of Returning Bitcoin Bull Market  Weeks ago, Bitcoin exchange giant Bitfinex raised $1 billion worth of capital, purportedly denoted in Tether‚Äôs USDT, in an in-house initial exchange‚Ä¶.read more https://t.co/rlMUzohmZN",en
df1,2019-05-27 11:51:11+00:00,mrtrilllife,Daniel Esekhile,0,0,0,"Bitcoin Price Backs Off 12 Month Highs, But Bias Remains Bullish https://t.co/VkZkfI7Why #CryptoToday",en
df1,2019-05-27 03:03:38+00:00,barrysilbert,Barry Silbert,24,824,235,Bitcoin hits all-time high in Argentine pesos https://t.co/k9BAow4wdP via @financialtimes,en
df1,2019-05-25 20:34:47+00:00,mdudas,Mike Dudas,38,376,38,"Bitcoin at $8,000 is a generational opportunity to create wealth for yourself and your family.",en
df1,2019-05-26 12:32:46+00:00,MessariNews,Messari News,1,36,12,Over a quarter of Kraken employees get paid in bitcoin  https://t.co/p0CaHyqL5B,en
df1,2019-05-27 11:51:14+00:00,KBryanW,Bryan Walker,0,0,0,@VoluntaryNation Bitcoin's designed to make central control as difficult as possible and maintain soundness (falling inflation/supply cap).  We don't know how many dollars or how much gold there is. Inflation can vary wildly. Must trust others...  That is much worse than early volatility imo.,en
df1,2019-05-27 11:51:14+00:00,HammerToe,Matt Hamilton,0,0,0,"@BTC_de_Blog @shilch_ @DeutschlandXrp Right. Yes, a Bitcoin full node needs the full history to operate due to the UTXO nature of it. You don't need that with a node on the XRP ledger. That is why it is so much faster to spin up and sync a node on the XRP Ledger.",en
df1,2019-05-27 11:51:15+00:00,ZucksArmy,Zuck's Army,0,0,0,"Bitcoin Holds onto Gains as it Rises Above $8,600 https://t.co/TwDKF08kFW",en
df1,2019-05-27 10:54:21+00:00,BitQueenBR,BitQueenBRüëëüáßüá∑,8,54,6,$ETH reaching potential bounce area on the BTC pair.   Overall not my favourite chart against btc  atm. https://t.co/jGKqiCtt0v,en
df1,2019-05-27 11:51:18+00:00,a_hamdyofficial,Voodoo,0,0,0,@APompliano @Nouriel Please have a mercy on him... regret is killing him because he didn't believe in Bitcoin ü§£ü§£ü§£ü§£ü§£,en
df1,2019-05-27 11:51:19+00:00,YellingLion,Yelling Lion Studio,0,0,0,Success #blockchain #cryptocurrency #bitcoin #ethereum #ICO #P2PS #P2PSF #startup,en
df1,2019-05-27 11:51:22+00:00,bitcoinagile,BitcoinAgile,0,0,0,"#bitcoin Holds onto Gains as it Rises Above $8,600 https://t.co/443qauccqg",en
df1,2019-05-27 11:51:24+00:00,Glowto1994,Glowto,0,0,0,@Bullyena Had the anomaly due to BTC but still valid in my opinion. I‚Äôm holding,en
df1,2019-05-27 11:12:02+00:00,ThinkingXBT,ezbrah,17,89,8,"Indicator giving a very rare top signal on the H1, and funding + sentiment also suggests to me that we may be forming a top here. Not too confident in my 9.6k target anymore. Closing Bitcoin longs and re-evaluating. https://t.co/TuIRHsqHq6",en
df1,2019-05-27 09:27:30+00:00,raghav_nayan,Nayan,38,21,37,"üí•Who wants a #giveawayüí•  20$ worth of the #Crypto which wins this poll..  Winner will be chosen at the end of the poll from the retweets‚ÄºÔ∏è  Rules‚ÄºÔ∏è  ‚úçÔ∏è Follow me, RT &amp; vote for the one you want to winüëå  $wan $strat $icx $aion $btc $trx $eth",en
df1,2019-03-21 19:21:29+00:00,Airdropnotecom,Crypto Airdrops,0,13,13,"#Bitcoin #Satoshi #crypto #blockchain #Airdrop New Airdrop #Bethereum üì¢  Bethereum is Hosting FREE Gaming Contest !  Join to compete for a massive 12 MILLION #Bether in prizes ‚úàÔ∏è  üí∞ Up to 30,000 #Bether  1. Join Here : https://t.co/C219dJDrBp üöÄ  2. Bet on Sport Matches to win https://t.co/kPdf8XKxd1",en
df1,2019-05-27 00:25:47+00:00,Ben_Harper,Ben üå±,0,0,1,Ever wonder what it‚Äôs like to argue for 7 hours with a whole subreddit that hates you?  I did this last night in /r/btc.   ‚ÄúThe problem with BitcoinCash‚Äù...  #cryptotrading #Bitcoin $btc #cryptotwitter #altcoin $bch #scaling #community #scam #fraud  https://t.co/YTTrpnT7wR,en
df1,2019-05-27 11:51:13+00:00,Wbackdown,Won‚Äôt ‚Çøack Down üí•üöÄ,1,4,2,"Planing on going to sleep and waking up to either Bitcoin at 10k or my Alts popping.   Either will be fine.   Hell, even a hard dip will be fine, I‚Äôm not greedy!   #bitcoin #crypto",en
df1,2019-05-26 20:58:33+00:00,oryx_project,Oryx Token,0,19,16,"Decentralization Social Network First project By Oryx ,Fully decentralized, or hybrid, taking the best of both worlds. ‚úÖ It looks like Facebook and works pretty fluently. Try out this amazing a beta version. ‚ú® Enjoy  https://t.co/RnTWlb7eec #airdrop #btc #crypto  #token",en
df1,2019-05-25 19:55:04+00:00,sign_keys,SignKeys,91,203,155,üí•#SignKeys is offering a FREE listing to the winner of this vote.  ‚ÄºÔ∏èThe Only Guaranteed Secure Wallet That Lets You Earn‚ÄºÔ∏è  Good Luck To Each #Community @electroneum @DigiByteCoin @tokenpay @PACcoinOfficial   #CryptoTwitter #Crypto $ETN $DGB $TPAY $PAC $BTC $ETH $LTC $KEYS ‚úçÔ∏èüîë,en
df1,2019-05-03 15:02:59+00:00,CreditTerra,Terra Credit,213,1870,1744,"CREDIT trading leaderboard is available in realtime Now you can see your position at üëá  https://t.co/Wnd7cE3PU3  Credit Trading Competition details, please check here   https://t.co/v8aANWylFo  #creditterra #bounty #airdrop #crypto #trading #credit @catexofficial https://t.co/tYjg6VHtsa",en
df1,2019-05-27 11:51:27+00:00,Inchingo,Did you wash your legs & feet today nasty?,0,0,0,D.I.V.O.R.C.E.,en
df1,2019-05-27 11:51:28+00:00,Bob_Hopium,Bob Hopium üöÄüöÄüöÄüôèüèªüíéüíéüíé,0,0,0,This is a great explanation $rsr,en
df1,2019-05-27 11:51:29+00:00,SquidCurious,CuriousSquid,0,0,0,39 #Cryptocurrency Hacks: $1.93 Billion in Loss Over 5 Years  #MEDICIresearch #Bitcoin #cryptocurrencies #Hacks #blockhain https://t.co/qNH9D5O3x7,en
df1,2019-05-27 11:51:34+00:00,bornaprpic,Borna Prpic,0,0,0,"@eevblog Well, you even have anonymous bitcoin cash machines here in Europe.",en
df1,2019-05-27 11:51:36+00:00,tomar_saniya,Saniya Tomar,0,0,0,"@cryptoc77528931   BitMEX‚Äôs Hayes: Bitfinex‚Äôs LEO Sale Sign Of Returning Bitcoin Bull Market  Weeks ago, Bitcoin exchange giant Bitfinex raised $1 billion worth of capital, purportedly denoted in Tether‚Äôs USDT, in an in-house initial exchange‚Ä¶.read more https://t.co/rlMUzohmZN",en
df1,2019-05-27 11:51:37+00:00,DetroitCrypto,J. Scardina,0,0,0,Current Crypto Prices!   BTC: $8716.59 USD ETH: $266.32 USD LTC: $113.84 USD BCH: $432.15 USD XLM: $0.1328 USD DOGE: $ 0.003051 USD NEO: $12.04 USD XRP: $0.4089 USD CANN: $0.001481 USD EMC2: $0.12 USD XMR: $94.65 USD BTG: $24.31 USD,en
df1,2019-05-27 11:51:42+00:00,KanoTheTruth,KanoÀ¢·µõ,0,0,0,@sheikki @APompliano The people that get rekt will never forget $btc üòÇ ü§¶‚Äç‚ôÇÔ∏è,en
df1,2019-05-27 08:17:24+00:00,KevinLWalker,Kevin L. Walker,0,3,2,"Bitcoin from $8,000 to $8,700 overnight üöÄ  #Bitcoin   https://t.co/Ffxp8AMb7z",en
df1,2019-05-27 12:02:52+00:00,ExpertOption1,ExpertOption,0,0,0,https://t.co/WYk883koj1,en
df1,2019-05-27 11:51:44+00:00,gilian1989,Gilian,0,0,0,"@mohikandan @whalepool @saifedean @TuurDemeester @aantonop They still don't have to call everything but bitcoin a shitcoin, wish for losses for altcoin holders or call everything but bitcoin completely worthless. It's elitist and toxic.  The fact you call others retards and tuur de meester liking your tweet shows exactly how toxic...",en
df1,2019-05-27 11:51:45+00:00,r_gadangholic,welly r'gadangholic,0,0,0,"2nd round 1000T free BTC hashrate giveaway,follow our twitter&amp;invite friends to follow for more BTC hashrate! https://t.co/3UbEcZPwao",en
df1,2019-05-27 11:51:48+00:00,graysonjlm,grayson,0,0,0,"@IAMboater @DeaterBob VC in any \"crypto\" other than BTC is a waste because literally 0 of these alts will succeed.  Yes, you can speculate on a hot new alt and rip 100x but in the long run you're just wasting economic enery with, what is essentially, a big hyped up roulette wheel",en
df1,2019-05-27 12:03:55+00:00,Koning_Marc,Marc de Koning,0,0,0,@bittybitbit86 I've been here since 2013. Bought a boatload of btc at $150.,en
df1,2019-05-11 06:53:18+00:00,justinsuntron,Justin Sun,352,2653,727,"Never too late to buy. The best timing to buy $BTC, ten years ago or now.",en
df1,2019-05-27 11:51:40+00:00,cryptoprotocol_,Crypto protocol,0,0,1,It happened. Could $10k be next for bitcoin? https://t.co/dkpQQCtPTj,en
df1,2019-05-15 22:26:29+00:00,btm_community,Bitcoin Mart,2104,4425,5070,"Free 100 BTM worth of $24 #Airdrop from @btm_community  We are distributing Airdrop to the first 5,000 users freely before our #SelfDrop goes live. Register with us, login and click on Get Airdrop link. https://t.co/Lt6dcsHIN4  #blockchain #BTM #bitcoin #token #ethereum #Ripple",en
df1,2019-05-27 12:02:26+00:00,In4Crypto,battbot,0,0,1,Look at these current #bitmex $BTC and $ETH funding rates... lol https://t.co/scnTDOmvet,en
df1,2019-05-27 00:34:18+00:00,devnullius,‚ùå #Altcoin Devvie ‚ùå,0,6,4,"Bitcoin nears $9,000 as it breaks through its highest level this year - CNBC https://t.co/hKSOYNfhEO",en
df1,2019-05-27 11:51:48+00:00,BitcoinBlockBot,BitcoinBlocks,0,0,0,"Block Number: 578,020  Time: 5/27/2019, 11:50:44 AM UTC  Miner: Unknown  Transactions: 1  Block Value: 12.5 BTC  Size: 288 bytes  Total Supply: 17,725,250 (84.40595% BTC issued)  Price: $8763.79",en
df1,2019-05-27 11:51:48+00:00,BitcoinBlockBot,BitcoinBlocks,0,0,0,"Block Number: 578,019  Time: 5/27/2019, 11:50:36 AM UTC  Miner: AntPool  Transactions: 2,687  Block Value: 7,498.375 BTC  Size: 1,216,952 bytes  Total Supply: 17,725,237.5 (84.40589% BTC issued)  Price: $8763.79",en
df1,2019-05-27 11:51:52+00:00,MoneyhealthF,MoneyHealth &Finance,0,0,0,"Ease of #business Ease of business If Prime Minister Imran Khan ‚Ä¶ Pakistan‚Äôs ease of doing business score, then all he needs ‚Ä¶ https://t.co/6Nzhy0i65d #bitcoin #stocks #news https://t.co/lHHhm4vv9B",en
df1,2019-05-27 11:51:53+00:00,job_scenar,Morpheus is Black Odero Omolo,0,0,0,"THE BITCOIN WHITEPAPER  onion can download and claim ownership, am in a good mood so i wont start on some chimp. continue with the assholery assuming we respect the american copyright bullshit america is a small country in the world full male pussies try that shit in Russia ü§£ü§£",en
df1,2019-05-27 11:51:54+00:00,geminigoldsaint,Lukman NH (a.k.a Lucky Sign),0,0,0,What's Happening? Ask twitter.  My answer is:   #today I find a path to 5Ô∏è‚É£0Ô∏è‚É£ K.  #bitcoin #1SAT1USD #thankyousatoshi   ‚ÇøF,en
df1,2019-05-27 11:51:55+00:00,SCOTTISHAGAINST,B,0,0,0,#bitcoin #xrp #vechain #blockchain #Crypto #Cryptocurency xrp #Celtic https://t.co/vavhxB4SkA,en
df1,2019-05-27 11:51:56+00:00,Rahulku48630663,Rahulxyz,0,0,0,nice project good one  @barrysilbert @HenrikhMkh @KDTrey5 @KSHMRmusic @AriDavidPaul @psskow @Unathi_Kwaza @kpagekirby @ZHAF_NST @GStephanopoulos,en
df1,2019-05-27 11:51:56+00:00,JasonA181,Jason A,0,0,0,"#BTC,#LTC,#XRP Top 6 cryptocurrencies all manipulated 26May 2019 7pm -9pm see Tradingview charts.  NOT subtle",en
df1,2019-05-27 11:51:57+00:00,fatih_dr5858,Fatih Yƒ±ldƒ±rƒ±m,0,0,0,@Florian_Advisor @gotogodofficial @KYC3COM @kartiywallet @LOVEAirCoffee @swapcoinz @huyen32305814 @FreecoinHunt @p2psf @aibbio,en
df1,2019-05-27 11:51:59+00:00,alice_xxxaaa,"Alice @ crypto income only over $ 10,000 a month",0,0,0,Today income was $ 517üëë It was good to do it‚ú®Install and operate the wallet app‚ù£Ô∏è https://t.co/W3qppDOYf0  #bitcoin #plustoken #cryptocurrency #Investment #BTC #ETH #XRP #wotoken https://t.co/cv2K6uiuWH https://t.co/zqtoUqPpdt,en
df1,2019-05-27 11:52:01+00:00,denissesandu,Denisse Sandu,0,0,0,btc bitcoin exchange - Binance https://t.co/Iu2Q2oEB91,en
df1,2019-05-27 11:52:01+00:00,FinZTribune,ZTribune,0,0,0,May 26-27 was a good day for Bitcoin Supreme $BSPM after 1.33% increase https://t.co/7QklqMauor,en
df1,2019-05-27 11:52:03+00:00,cryptonewszcom,CryptoNewsZ,0,0,0,@bitcoingold #PriceAnalysis : #BitcoinGold might witness good days in the near future #CryptoNewsZ #Cryptocurrency #BTG https://t.co/ccaPopIKsy,en
df1,2019-05-27 11:52:03+00:00,fortivus,Fortivus Strategy Consulting,0,0,0,Art of Trading #Trading #GOLD #bitcoin  https://t.co/9Bi0YSXSse,en
df1,2019-05-27 11:52:03+00:00,Pillai_Sunil,Sunil G Pillai,0,0,0,"Can 10,000 brains and an AI called Rose predict the price of Bitcoin? https://t.co/VRIpTtqlS1 #ai",en
df1,2019-05-27 11:52:05+00:00,coinwisdom2017,Coin Wisdom News,0,0,0,[News BTC] Why Analysts are Adamant #Bitcoin Rally is Just Gettin‚Äô Started After 130% Gain https://t.co/VBTKwyNS6S #CryptoCurrencies,en
df1,2019-05-27 11:52:02+00:00,HowardKoo_IM,Howard Koo,0,0,0,"New post: Top 3 Price Prediction Bitcoin, Ripple, Ethereum: BTC/USD struggles to maintain newly conquered https://t.co/1pZ1xJI0TN",en
df1,2019-05-13 21:05:42+00:00,satoexchange,SatoExchange,200,455,387,"#retweet &amp; tag üéÅüéÅWe are glad to announce in partnership with iC2S team the iC2S and #Litecoin mega #Airdrops  üçÄGet 10,000 iC2S and 0.001 $LTC limited to 1st 5,000 members on #SatoExchange  Read more https://t.co/GpyvCgLrdt #bitcoin #blockchain $SATX #SATX #SatoExchange #bounty",en
df1,2019-05-27 08:58:46+00:00,Graham__Hannah,BrewD0G,0,0,0,The Top 5 Countries Gripped by Bitcoin FOMO Right Now https://t.co/tV5V0mYqcl,en
df1,2019-05-27 11:52:05+00:00,Cryptobuddy13,Cryptobuddy,0,0,0,"Bitcoin Surges to Highest Price For Over a Year, Will it Reach $10k This Week?   https://t.co/KRAYewwZIU  #Coinbase #cryptocurrency #crypto #Blockchain #BTC #bitcoin #BTCUSDT #eth",en
df1,2019-05-27 11:52:03+00:00,iagunyl,Iaguny@FollowbacküíØ@Bitcoin@Crypto,0,0,0,Followback in 24h  U.S. women ready for World Cup https://t.co/pCmcTS40cs  IFB ETH BTC Crypto https://t.co/e6jJCxLytC,en
df1,2019-05-27 11:52:05+00:00,iagunyl,Iaguny@FollowbacküíØ@Bitcoin@Crypto,0,0,0,Followback in 24h  Pagenaud holds off Rossi to win 103rd Indy 500 https://t.co/8aq75OT92h  IFB ETH BTC Crypto https://t.co/gqsUQd62sI,en
df1,2019-05-27 11:52:07+00:00,tomar_saniya,Saniya Tomar,0,0,0,"@crypto_goat_   BitMEX‚Äôs Hayes: Bitfinex‚Äôs LEO Sale Sign Of Returning Bitcoin Bull Market  Weeks ago, Bitcoin exchange giant Bitfinex raised $1 billion worth of capital, purportedly denoted in Tether‚Äôs USDT, in an in-house initial exchange‚Ä¶.read more https://t.co/rlMUzohmZN",en
df1,2019-05-27 11:52:11+00:00,my_first_1btc,Crypto-info,0,0,0,#cryptocurrencies #crypto #altcoins #cryptotrading #BTC #blockchain Angel Crypto Investor Roger Ver and Lightning Network Supporter Tone Vays: A Look at the Debate https://t.co/ctr299PfJV,en
df1,2019-05-27 11:52:11+00:00,yusfreak,Yus,0,0,0,Why Analysts are Adamant Bitcoin Rally is Just Gettin‚Äô Started After 130% Gain https://t.co/bJVM2pNz3M https://t.co/xukQH4M85I,en
df1,2019-05-27 11:52:11+00:00,my_first_1btc,Crypto-info,0,0,0,#cryptocurrencies #crypto #altcoins #cryptotrading #BTC #blockchain IOTA Price Prediction Today: Daily (MIOTA) Value Forecast ‚Äì May 27 https://t.co/dnmGdaMhAQ,en
df1,2019-05-27 11:52:15+00:00,Ysruh_El,Fernando Mart√≠nez,0,0,0,"Bitcoin, ETH, Iota, Brave...EL FUTURO https://t.co/PQ8VYRd1Qr",en
df1,2019-05-27 11:52:16+00:00,odebdeb,KING MON,0,0,0,@paxful @paxful   my PC was infected with a RAT and a person tried to gain access to my account through FRAUD ID - and you have banned my account i am seller with 0.1 BTC bond their is no support answering me. my user name is : LinusTech_King,en
df1,2019-05-27 11:52:17+00:00,GeorgeGlorio,GeorgeGlorio,0,0,0,Check this article from @Quark_Chain  #QKC #Blockchain #BTC #blockchaintechnology #sharding,en
df1,2019-05-27 11:39:34+00:00,Bodhi_Zaffa,Joey 2 Stacks B.A. üá®üá¶,0,0,2,Live as a socialist ?  No thanks I‚Äôd rather push worms.  üá∫üá∏üá®üá¶  #MemorialDayWeekend2019  #MondayMotivaton  #MondayMood #RainyMonday  #AttackOnTitan  #Ahmadiyya  #Aladdin   #ISurvivedAnotherYear  #ZeroToleranceForExtremists #EuropeanElectionResults #Earthday #KhilafatDay #bitcoin,en
df1,2019-05-27 11:52:07+00:00,palevell,Patrick Allan üá®üá¶üá∫üá∏,0,5,1,The latest The Patrick Allan Daily! https://t.co/9lClThV16q Thanks to @heathrodgirs @lightbkey @KingofDaddys #bitcoin #cdnpoli,en
df1,2019-05-25 23:26:58+00:00,newsbtc,NEWSBTC,3,31,20,"Analysts are now closely watching a relatively tight range between $8,200 and $8,400 as the next region of resistance that #BTC must close above in order for its journey towards the coveted $10,000 region to continue on.   https://t.co/f4iuXmS1YS",en
df1,2019-05-27 11:52:10+00:00,Cryptoformatics,Cryptoformatics Hub,0,0,1,Being irresponsible is when you don't buy #bitcoin or #ethereum. üòÇüòâ,en
df1,2019-05-27 02:45:05+00:00,markets,Bloomberg Markets,2,68,38,"Bitcoin soared to the highest level in a year, extending a run that‚Äôs seen prices more than double https://t.co/ogzcWr0qQy",en
df1,2019-05-27 11:29:02+00:00,MADinMelbourne,$TheWildCard,11,17,2,"please welcome $summertime to @handcashapp she's visiting from Tassie,  thinks it's warm in Melbourne.  Show her how hot #bitcoin is :)",en
df1,2019-05-27 01:09:46+00:00,xtdisnkfe,Master ‚ö°Ô∏è,6,110,17,Bitcoin and litecoin are dominating.  Do you want to know why? Simple really.   Litecoin halving in 3 months Bitcoin halving in 12 months  HODL and BTFDs  #ltc #litecoin #bitcoin #btc,en
df1,2019-05-27 11:52:05+00:00,macrodesiac_,David Belle,7,28,3,Here is the next level you want to buy at $BTC https://t.co/rTiAgw4IgJ,en
df1,2019-05-27 11:52:20+00:00,javadth71,javadth Ÿàÿ®⁄Øÿ±ÿØ,0,0,0,@MeqdadLocation https://t.co/kHBff7zJDF,en
df1,2019-05-27 11:52:20+00:00,cceptence,++,0,0,0,@plugging can I pay you btc take one hahaha,en
df1,2019-05-27 11:52:20+00:00,optbus_hw45,Optimized Business,0,0,0,Top 3 Bitcoin Investment¬†Risks https://t.co/OdTzeX0SMM https://t.co/hw2ntCiHYN,en
df1,2019-05-27 11:52:23+00:00,CuanERC20,CUAN ERC20,0,0,0,Beacon Chain Update: Buterin Proposes Changes to Ethereum 2.0 https://t.co/wMI8e75S5P #cryptocurrency #bitcoin #crypto #blockchain #ethereum #btc #money #forex #bitcoinmining #trading #cryptonews #investing #investment #eth #litecoin #business #investor #bitcoinnews #bitcoins #‚Ä¶,en
df1,2019-05-27 11:52:24+00:00,Benysatriaputr3,Beny satria putra,0,0,0,Successful anf hoppefully smoothly for this project. l am proud to be able to pparticipate in this project  Very good project. #ooobtc #obx #crypto #bitcoin #ethereum #blockchain #btc #toqqn,en
df1,2019-05-27 11:52:25+00:00,riko_pranata2,RikoPranata,0,0,0,@huongthi44  @CabutinJose  @afif_aulian   0xfc9219Afb2D0aFC82924cCf08152c62a2EeC0878,en
df1,2019-05-27 11:52:26+00:00,Crypto_Nikki,Crypto Nikki,0,0,0,Why Analysts are Adamant Bitcoin Rally is Just Gettin‚Äô Started After 130% Gain https://t.co/0WOwKKu4KJ,en
df1,2019-05-27 11:52:28+00:00,forexcrunch,Forex Crunch,0,0,0,Bitcoin price prediction: BTC/USD consolidates gains - Bitcoin confluence - https://t.co/jSEC61IVZe https://t.co/CGuTi4y3BE,en
df1,2019-05-27 11:52:28+00:00,Mbuijames,James,0,0,0,"#bitcoin at $150 B market cap, at $8,700  Dr. @DavidNdii could you by any chance changed your view on #bitcoin",en
df1,2019-05-27 11:52:28+00:00,nafisalam,Nafis Alam,0,0,0,And the #Bitcoin madness is back as it touches $8900. How many #speculators are ready to burn their hands. But wait until it drops back to $4k   #Crypto #Investment #Speculation #Bitcoinmania #bubble #nointrinsicvalue #regulation  @coindesk    https://t.co/ckQ0FzAFpt,en
df1,2019-05-27 12:05:07+00:00,Valenti03713316,Valentin,0,0,1,https://t.co/G30HSLUwJc,en
df1,2019-05-26 22:27:19+00:00,Josh_Rager,Josh Rager üìà,18,140,12,Who needs a Bitcoin triangle meme...  When you have another CME $BTC Futures gap meme of $520 https://t.co/yMd3K7ZAgD,en
df1,2019-05-23 16:18:55+00:00,lopp,Jameson Lopp,36,1126,249,"Them: \"Listen up, I'm an acclaimed economist.\" Them: \"Listen up, I'm a billionaire investor.\" Them: \"Listen up, I'm a central bank.\" Them: \"Listen up, I'm a judge.\" Them: \"Listen up, I'm Satoshi.\" Bitcoin: https://t.co/tkBAzNNFKB",en
df1,2019-05-26 13:30:05+00:00,TheSoulCab,Soul Cab üöïüöñ,0,4,1,"@Brilliant_Ads Bitcoin, \"Please wait 4 days for your $2.95 transaction\"  Uber, \"Please enjoy your ride with this rapist before we go bankrupt\"  Airbnb, \"Please enjoy your stay and don't mind the cameras in the bathroom\"",en
df1,2019-05-26 21:58:57+00:00,zerohedge,zerohedge,15,201,87,"Cryptos Are Exploding Higher, Bitcoin At 12-Month Highs https://t.co/70fgitSkjq",en
df1,2019-05-26 21:04:10+00:00,FixedFloat,FixedFloat‚ö°Ô∏è,0,31,29,Bitcoin costs more than $8500üí™  #BTC #ETH https://t.co/jdsIXsI7pC,en
df1,2019-05-27 02:45:24+00:00,BelensayFinans,ùîÇùëí≈üùíæùìÇùí∑ùëíùìÅùëíùìÉùìàùí∂ùìé,0,74,54,EVET...Seans a√ßƒ±lƒ±≈üƒ±na YAKIN G√ñR√ú≈û√úR√úZ.  #DOLAR #DolarTL #bist #bist100  #usdtry #USDTRY #XU100  #ùí∑ùëíùìÅùëíùìÉùìàùí∂ùìé 2012 #doge #dogeusd #btc #btcusd YTD,en
df1,2019-05-27 11:52:36+00:00,cryptohellmuth,Phill,0,0,0,very cool project! @umutkatirci @QuanticNews @quantrung8 @Temi4tope @trede1979 @nestegg_io @Muhamma26672007 @GIFTVOUCHER8 @CAuditivosOirt @Lolo03990020,en
df1,2019-05-27 11:52:39+00:00,coinspectator,Coin Spectator - Real-time cryptocurrency news,0,0,0,The Situation Complicates For Cryptopia As Arizona Demands $2... #ethereum #btc #altcoins User Database https://t.co/HElt6kf5xR https://t.co/yAVRC53erh,en
df1,2019-05-27 11:52:43+00:00,PaulMcGowan75,Paul McGowan,0,0,0,Oh wow... look at #MATIC on the 6hr chart and you'll see its copying the pattern I just highlighted on the #BITCOIN chart...  #MATIC is PRIMED üöÄ https://t.co/ytOEvZyuYB,en
df1,2019-05-27 11:52:44+00:00,DetroitCrypto,J. Scardina,0,0,0,Current Crypto Prices!   BTC: $8718.66 USD ETH: $266.3 USD LTC: $113.9 USD BCH: $432.4 USD XLM: $0.1329 USD DOGE: $ 0.003052 USD NEO: $12.04 USD XRP: $0.4092 USD CANN: $0.001482 USD EMC2: $0.12 USD XMR: $94.61 USD BTG: $24.31 USD,en
df1,2019-05-27 07:34:58+00:00,CryptoBuyers,Crypto Buyers Club UK,0,0,0,Coinbase iOS app downloads have spiked this Memorial Day weekend in the US.  $BTC $ETH #crypto https://t.co/7tFR7feCkp,en
df1,2019-05-27 11:28:01+00:00,gregzupanc,Gregor Zupanc,0,4,2,#Gold vs #Fiat vs #Bitcoin source: https://t.co/k3jEgZ99s9 https://t.co/nrdgS918So,en
df1,2019-05-27 11:02:10+00:00,jasoncreation,Jason Sibley,0,1,2,"TraderCobb: \"Why I think #Bitcoin Will Get To $10,000 This Week - I have been observing Bitcoin closely the last 2 weeks and so far it has stuck to what I thought it might do. Get an understanding for why I think it has the chance at 10k this w... https://t.co/amoqbiI53q #crypto https://t.co/GDgUrHhdGC",en
df1,2019-05-26 04:25:51+00:00,Forty__3,ŸÅŸ∞ üåª.,1,12,17,#BTC https://t.co/WR76dteXiZ,en
df1,2019-05-26 21:56:26+00:00,awecoin,AweCoin.me #AWE,36,67,74,"We'll be giving away 100,000 #AWE to one lucky winner in 24 hours! To enter: 1) Retweet our pinned post *below* 2) Follow @awecoin  Ends 22:00 UTC Monday  https://t.co/AtKUEQqlD5 #Crypto #cryptocurrency #bitcoin #btc #win #Competition #ethereum #free #Competition #Giveaway",en
df1,2019-05-25 17:35:00+00:00,ruchira30541190,ruchira,0,0,0,Who can give me a analyze about Bitcoin's Next move ‚ù§Ô∏èüòç https://t.co/NZCO2EWDp0,en
df1,2019-05-27 07:01:11+00:00,Tronunicash,Tron Universal Coin,15,31,23,Join TUC. AIRDROP NOW..   100TRON UNI coin AIRDROP 10TUC PER REFFRAL üëå PLEASE READ CAREFULLY üíØ  https://t.co/g0ETaahmxx  #AIRDROP #BTC #ETH #LTC #TRX,en
df1,2019-05-26 13:40:09+00:00,kallerosenbaum,Kalle Rosenbaum,3,137,30,#Bitcoin is free (as in speech) money for everyone.   Fiat is free (as in beer) money for the ones with the money printer.  Choose wisely.,en
df1,2019-05-26 22:38:51+00:00,yassineARK,Yassine Elmandjra,10,551,80,"I will be forever grateful to Bitcoin.  Thanks to Bitcoin, I have a job. I‚Äôve made unbelievable friends. I‚Äôve met the smartest people.   I've learned more from Bitcoin than anything else ever.  Never stop appreciating Bitcoin and all those who've made it what it is today.",en
df1,2019-05-27 03:50:33+00:00,BitTorrent,BitTorrent Inc.,13,343,96,"#BTT will be listed on @BigONEexchange where you can trade $BTT / $BTC at 12:00, May 29, 2019 (SGT). https://t.co/ntPjpfDOhd",en
df1,2019-05-27 11:52:48+00:00,Ultragate_,Ultragate,0,0,0,Blockrewards increased to 50 ULG. Make some nice #profits with your ULG #masternode.  Dont miss your opportunity: https://t.co/GtGjmr04ed https://t.co/rLuVKu4hTJ  #blockchain #Business #investment #bitcoin #money #freelancer #earnings #BTS #collector #freelancewriter #BTCUSDT https://t.co/JomJEjWsOu,en
df1,2019-05-27 11:52:48+00:00,klimenos,Klimenos,0,0,0,"@JonErlichman Buy Gold, sell BTC. https://t.co/pgUJ9fuC37",en
df1,2019-05-27 11:52:49+00:00,BTC_kamehameha,Vegeta üí≠,0,0,0,@Wijnmee @jarzoombek Give me a heads up when you throw that 1 btc at fldcüòè,en
df1,2019-05-27 11:52:52+00:00,sigizmundo8,sigizmund,0,0,0,GOD! Cryptopia Fumbles Customers‚Äô Stolen Crypto Recovery in Catastrophic F**kup https://t.co/kOB2EmzU73 #Cryptopia #cryptocriminal #Cryptocurrency #blockchain #CryptoMarket #Exchanges #cryptoregulation #BTC #Bitcoin,en
df1,2019-05-27 11:52:55+00:00,Crypto_Nuggets,CryptoNugs.club üï≥ üêá,0,0,0,"@Emperor_YZ So youre saying once Bitcoin reaches a certain price per Bitcoin it can back enough dollars in circulation and be sufficient to fuel the world economy?  But if BTC were a reserve currency I would think value would be denominated in BTC, not USD.",en
df1,2019-05-27 11:52:55+00:00,tomar_saniya,Saniya Tomar,0,0,0,"@Cryptomillions2   BitMEX‚Äôs Hayes: Bitfinex‚Äôs LEO Sale Sign Of Returning Bitcoin Bull Market  Weeks ago, Bitcoin exchange giant Bitfinex raised $1 billion worth of capital, purportedly denoted in Tether‚Äôs USDT, in an in-house initial exchange‚Ä¶.read more https://t.co/rlMUzohmZN",en
df1,2019-05-27 11:52:56+00:00,coinspectator,Coin Spectator - Real-time cryptocurrency news,0,0,0,LTC Price Spikes 12 Percent as Litecoin Usage Rises Along with Transactio... #bitcoin #altcoins #altcoin https://t.co/FNYX1MCoir https://t.co/9nkFRU2NGQ,en
df1,2019-05-27 11:53:00+00:00,CasinosandGames,Casinos And Games,0,0,0,"Fair Go Casino - 25 Free Spins for All Players and Monday Bonus 100% +25  https://t.co/gvSvLIhtuG Reliable #Crypto #Bitcoin Casino for #Australia, #France, USA, and most countries https://t.co/aAwa69Mkky",en
df1,2019-05-27 11:53:00+00:00,Nakameowdough,Satoshi Nakameowdough,0,0,0,"@KyleMacLeanX @Crypt0Jordan Ultimately I think this a concern of the authorities. The fact is, in a market with such low liquidity, if you have capital it's relatively simple for you to flex and make bank, ALTs are largely pointless, except for making more BTC.",en
df1,2019-05-10 20:34:39+00:00,Tradermayne,Mayne,18,435,40,$BTC https://t.co/Nxc2azB3ez,en
df1,2019-05-27 10:41:47+00:00,officialmudrex,Mudrex,0,3,3,Which price range will #bitcoin be trading in this week?,en
df1,2019-05-10 10:08:08+00:00,cadillacjoe2001,cadillacjoe2001,0,0,0,üöÄüöÄüöÄ too the moon lol,en
df1,2019-05-10 10:30:12+00:00,JohnnyCrypto3,Johnny Crypto,0,0,0,I love @spiceadams lol,en
df1,2019-05-25 11:29:20+00:00,mrjasonchoi,Jason Choi,244,5910,1620,"\"Bitcoin is not tied to anything\"  \"Neither is US dollars and how big is your cash position?\" - @APompliano üòé https://t.co/OUqt7bBJZl",en
df1,2019-05-27 11:44:17+00:00,mwill_crypto,Matthew Willemsen,2,29,5,"üá¶üá∑ If an Argentinian had bought #bitcoin [ $BTC ] at the apex of the December 2017 bull run, they'd *still* be wealthier vs. if they'd banked their pesos ü§Ø",en
df1,2019-05-27 06:09:02+00:00,Bullyena,Bullyena üê≥,0,0,0,$ETH could be following BTC as well with first week of June as a possible big breakout https://t.co/7M6qkkvd5M,en
df1,2019-05-27 04:08:27+00:00,CryptoTraffico,Traffico$CryptoüíÄ,12,2,2,I want to buy a cheetah...feel free to donate üíØüíÄ  bc1q6lue7jlp9qlpmprhgree9r5vqvf4cqxv3km9lk  #crypto #Airdrop #crowdfund #CryptoTwitter #bitcoin #Airdrops #Altcoins $BTC $XRP $EOS $BTT #blockchain $ETH #binance  #coinbase $REP $QSP $TFUEL $TRX $DLT #ICO #coolwallet #bnb  $DLT https://t.co/kWFIyYbcSL,en
df1,2019-05-27 11:53:03+00:00,ErikTaban,Erik Taban,0,0,0,Boys looks like we need to dump $ALTS and buy back $BTC .....look at this man ...  https://t.co/lVoQxBldYi https://t.co/qN6uA7Cd2g,en
df1,2019-05-27 11:53:04+00:00,ilham_rabiul,andy_lam,0,0,0,Free airdrop 50 coin cpol  and earn to 0.1 eth Sing up gooo link above https://t.co/b2fszUNxdu @Bitcoin  @eth_classic  @ethereum  @CoinMinersNet  @CoinMarketCap  @Ripple_XRP1  @FreeTokensNews  @freebitco  @xlmprice,en
df1,2019-05-27 11:48:17+00:00,Sevdaa96977263,Sevdaa,0,0,1,√áok guzel https://t.co/QPMgadHGHr,en
df1,2019-05-27 11:53:06+00:00,voypedia,Voypedia Store,0,0,0,Wow! Making bitcoin online is so easy. Check out: https://t.co/kUyTm6S8J5  Incredible! https://t.co/VMjNTL2I4F https://t.co/2jdbk2tAD5,en
df1,2019-05-27 08:22:55+00:00,FatihSK87,FatihSK,11,252,63,Next indicator I'm waiting for to cross on the Weekly;  #Bitcoin https://t.co/nk6lrd1ihl,en
df1,2019-05-27 11:53:10+00:00,bitcoinagile,BitcoinAgile,0,0,0,"#bitcoin - $9,000, making everything possible for COINBASE:BTCUSD by CryptoComes https://t.co/gryILDhgPf https://t.co/EF6v4SmBuH",en
df1,2019-05-27 11:53:12+00:00,topisto42,TOPISTO,0,0,0,Lucky One on #bitcoin #blockchain 's Someone put an empty block ... And get the reward for it ! Block height : 578020 [ See more on https://t.co/edxQxP9HlB ] https://t.co/PMsycHRoNQ,en
df1,2019-05-27 11:53:18+00:00,mrhenrypye,Henry Wira,0,0,0,"Great weekend @ Silverstone, FIA World Rallycross Championship!",en
df1,2019-05-27 11:53:19+00:00,CryptoMagical,Crypto Magical,0,0,0,Take that bears üëä $BTC to the moon üöÄ,en
df1,2019-05-27 11:53:20+00:00,Andr3wJackson,AndrewJackson,0,0,0,"@VoluntaryNation @FarmerNerdtv \"Effortless\"? Bitcoin is more effortless (for me) to convert too fiat, the goal is not to have just merchants but to trade between men and woman, and there are billions of them (I haven't counted the men and woman but that's what they tell us)",en
df1,2019-05-27 11:53:03+00:00,AlertTrade,"Trade Alerts, Trade Ideas and Crypto üìà",0,0,2,"Bitcoin - $9,000, making everything possible https://t.co/KdoKRIoWQl üöÄNash (NEX) about to Mo0n? ‚ü∂ https://t.co/ibHB6cxFSX ‚àö https://t.co/WGaZ7oHVsm",en
df1,2019-05-27 11:53:06+00:00,BinexNews,Binex News,0,1,1,"Japanese cryptocurrency exchange Taotao, which is 40% owned by internet giant @Yahoo Japan‚Äôs #YJFX, will launch its trading service on May 30 &amp; will initially offer to trade in Bitcoin (#BTC) &amp; Ether (#ETH). Margin trading will also be available in #LTC, #XRP &amp; #BCH.",en
df1,2019-05-15 13:35:01+00:00,cryptowhitewalk,Crypto White Walker,3,24,21,"1/2 well I want to do another #giveaway (as that amount is still sitting with me) but I know people will point at this first so wanted to be clear that we didn't cross 8100 in April'19 (too much resistance, I know) and hence no one was chosen  BUT let's give  .. (see the thread) https://t.co/ITgVkhoU0e",en
df1,2019-05-27 11:53:40+00:00,cripto247,Cripto247,0,6,3,Precio actual #Bitcoin $BTC = U$S 8717.23 https://t.co/Uwbs34JFgT https://t.co/6ru94Quwqt,en
df1,2019-03-09 23:10:56+00:00,coinairdropall,Crypto Airdrops,0,0,1,"#Bitcoin #Satoshi #crypto #blockchain #Airdrop New Airdrop #Springrole üì¢  SpringRole is airdropping 100 #SPRING &amp; 100 #SPRING by referral  Token price : 1 #ETH = 50,000 #SPRING ‚úàÔ∏èüí∞  1. Sign Up Here : https://t.co/M1vVzdYif5 üöÄ 2. Link your Linkden profile 3. +100 #SPRING by ref https://t.co/4Zt1R7F5OC",en
df1,2019-05-27 09:52:10+00:00,EXUofficial,EXU,0,29,22,#Something is #Happening...!  #EXU #EXUprotocol #EXUecosystem #BTC #ETH #Blockchain #Crypto #Cryptocurrency #decentralization https://t.co/sI6tfRNOBr,en
df1,2019-05-27 11:53:23+00:00,SenecaScalps,Seneca Scalps,0,0,0,"@jcho710 Come on jcho, grow a pair. Bitcoin is going to $100, right? If it was a \"gift\" to short at 4.7k, an entry 2X that is even better. Tell the risk nannies at your prop house to fuck off and keep layering shorts all the way to 20k. Do it with your own money, if you must.",en
df1,2019-05-27 11:53:27+00:00,lacer2k,Livio Andrea Acerbo,0,0,0,Bitcoin Price Will Nosedive After Dead Cat Bounce: Crypto Blogger  By CCN: The bitcoin price will crash again soon because the latest rally was merely a dead cat bounce and not because the cryptocurrency's ... social experiment by Livio Acerbo #greengrou‚Ä¶ https://t.co/mEOPZ9NKit https://t.co/y2Vm067Nxs,en
df1,2019-05-27 11:53:34+00:00,CryptoNewswire,CryptoNewswire üåê,0,0,0,WildRig Multi 0.17.1 Beta AMD GPU Miner With Support for the New X25x Algorithm - https://t.co/4y1jpROajy $BTC #markets #blockchain,en
df1,2019-05-27 11:53:37+00:00,HattoriHundo,dane,0,0,0,Why does everyone want to be a bear so badly on $btc,en
df1,2019-05-27 07:43:24+00:00,OneHanSolo,Han Solo üí•üöÄüåù,2,66,24,China's Bitcoin Dominance Is Worrying Trump's White House -- And Pushing It Toward Ripple Fly My Sweet $XRP Fly üí•üöÄüåù https://t.co/K6AkNioRfR,en
df1,2019-05-27 11:37:11+00:00,Cryptopoly,CryptoRaptor,2,16,7,"This banking system really as corrupt AF.  Flagrantly, sickeningly, despicably ripping off people and businesses around the world.  Yet their leaders and those in their pockets have the audacity to call Bitcoin a scam.  Pump Bitcoin. Dump the banks. https://t.co/OfGbZ4jNra",en
df1,2019-05-26 13:30:50+00:00,Josh_Rager,Josh Rager üìà,8,132,23,"New video is now up  Overview of trade strategy for Binance IEOs and coin listings  What to watch if you plan on trading/buying IEOs  The video discusses $BTC, $TFUEL, $MATIC &amp; $ONE  Feel free to share, like, subscribe - thanks!  https://t.co/RaeVrd8xrk",en
df1,2019-05-27 04:08:46+00:00,vegardwikeby,Vegard Wikeby,3,28,10,"After using it for a few days since launch (yes a few days); https://t.co/GwYY8mzM47 is the hottest piece of tech I've seen on Bitcoin¬©. It is a remarkable idea that is more than an idea, it's a real product with real payment-data-payment-incentivise-more-valueable-data business!",en
df1,2019-05-27 00:32:43+00:00,Excellion,Samson Mow,15,321,64,#Bitcoin doesn‚Äôt care who said what or who was or wasn‚Äôt nice.,en
df1,2019-05-27 11:53:44+00:00,webnowcompany,webnow,0,0,0,#BTC #BCH The HitBTC cryptocurrency exchange has had to deal with a backlash after it froze accounts over fears of a mass exodus and was then accused by John McAfee ...Read more: https://t.co/MspXEX11sO,en
df1,2019-05-27 11:53:45+00:00,PrincessPaglin1,Princess Paglinawan,0,0,0,"[https://t.co/DX5QqwjdWs Market Surveillance May 27: BTC Up By Nearly 10%]  As of 11:10 (UTC) on May 27, the gl...  https://t.co/hAIikBba9V https://t.co/nkXNI5qDbo",en
df1,2019-05-27 11:53:47+00:00,BitcoinMyFaucet,Bitcoin My Faucet,0,0,0,"Bitcoin Hits Highest Price Point in Over a Year, Pushing Toward¬†$9,000 https://t.co/BXIsU7kLQm https://t.co/QMLNAZZflx",en
df1,2019-05-27 11:53:48+00:00,webnowcompany,webnow,0,0,0,"#BTC #TRX Bitcoin [BTC], the king of cryptocurrency market, witnessed a significant hike and breached the $8500 mark. This not only resulted in the entire cryptocurr...Read more: https://t.co/PLo9sjPqOB",en
df1,2019-05-27 11:53:49+00:00,odebdeb,KING MON,0,0,0,@My_Mwikali @paxful @raypaxful @paxful   @raypaxful  my PC was infected with a RAT and a person tried to gain access to my account through FRAUD ID - and you have banned my account i am seller with 0.1 BTC bond their is no support answering me. my user name is : LinusTech_King,en
df1,2019-05-27 11:53:49+00:00,SquawkCrypto,Crypto squawk,0,0,0,"Since morning¬†Swarm $SWM has increased by 1.29% and https://t.co/oc56mh5EWf $MCO by 6.97% (chart). Most tokens and coins are slightly higher. Bitcoin has increased by 0.11%, Ether fas fallen by 0.18%. https://t.co/V38AT79MTr $BTC $ETH #crypto #CryptoNews #cryptotrading #2100NEWS https://t.co/vg0tU18Ec2",en
df1,2019-05-27 11:53:49+00:00,webnowcompany,webnow,0,0,0,#BTC Craig Wright has written a long winding statement alleging that Bitcoin developers are changing the original rules of the Bitcoin blockchain...Read more: https://t.co/M9KRZEnL7A,en
df1,2019-05-27 11:53:52+00:00,webnowcompany,webnow,0,0,0,#BTC #BCH A growing number of NFL players want to be paid in crypto ...Read more: https://t.co/U7xYsKjyKL,en
df1,2019-05-27 11:53:52+00:00,DetroitCrypto,J. Scardina,0,0,0,Current Crypto Prices!   BTC: $8718.73 USD ETH: $266.18 USD LTC: $113.84 USD BCH: $432.06 USD XLM: $0.1328 USD DOGE: $ 0.003139 USD NEO: $12.04 USD XRP: $0.409 USD CANN: $0.001482 USD EMC2: $0.1201 USD XMR: $94.61 USD BTG: $24.31 USD,en
df1,2019-05-27 11:53:52+00:00,santobd11,santo,0,0,0,"Hello guys, we‚Äôre so happy to announce our exclusive community for Indonesia.And we are looking for volunteers to help us build a great place any of our admins to join us. --&gt;  https://t.co/pnZ7s41Zxl #ooobtc #obx #tqn #crypto #bitcoin #ethereum #blockchain #btc #toqqn etc etc",en
df1,2019-05-27 11:53:55+00:00,msdenmail,"America, I love you",0,0,0,"Free cloud mining cryptocurrency. Works since 2013. Bitcoin, Ethereum, Litecoin, Bitcoin Cash, Dogecoin, Ripple, Dash, Cardano, CureCoin, NEM, Monero, Zcash, Factom, Bytecoin, STEEM, Lisk, EOS, USD, Stellar, GRIN, and Ethereum Classic. 798. Sign Up - https://t.co/wurGR0z1Pg https://t.co/8aicpyyatd",en
df1,2019-05-10 10:18:53+00:00,GalaxyTraging,GalaxyTrading,0,0,0,"$BTC all targets hit, more than 90% profit üí∞",en
df1,2019-05-10 10:19:20+00:00,satoshi77island,Satoshi-island,0,0,0,ü§£ü§£ü§£ü§£ could not agree more,en
df1,2019-05-10 10:25:25+00:00,emess001,Emesz,0,0,0,@needacoin in btc or usd? ;p,en
df1,2019-05-27 11:43:43+00:00,rhum01,rhum,2,5,2,#bitcoin zoomed in on daily update from last flag post - has broken up: https://t.co/6fioKJUXVC,en
df1,2019-03-12 23:09:37+00:00,CoinsAirdrops,Crypto Airdrops,1,13,9,#Bitcoin #crypto #Airdrop New Airdrop #p2pb2b üì¢  Airdrop Contest Is Live on p2pb2b Trading Platform ‚úàÔ∏èüí∞  üí∞ Win your 1 million Tokens  Just Register Here : https://t.co/NdCiyQGGTc üöÄ https://t.co/O3jCICbKVd,en
df1,2018-12-29 04:39:39+00:00,TheBitfi,Bitfi - open source: bitfi.dev,9,61,16,"The first lab made diamond happened in 1955 &amp; now they are so flawless that mined diamonds can‚Äôt come close. The same will happen to gold, not to mention the massive supply available on asteroids &amp; other sources. As a result Bitcoin is a necessary part of human evolution. https://t.co/c82ioaR7oq",en
df1,2019-05-26 19:00:08+00:00,LeoDiCrypt0,Leo,8,29,5,"Forget about trading if you don't have a system.  In a crypto bull market, a hodler will outperform a trader.  $BTC $HOT $LINK $BNB $RVN $THETA $SCRL, those are my bags.   $ZIL $BAT $TOMO also good choices.  Remember you still have to get out to actually make profit...",en
df1,2019-05-26 11:46:22+00:00,CryptoJasonNL,Crypto Jason,2,7,2,@APompliano you're a living legend! #BTC vs #USD https://t.co/MWGd3y8036,en
df1,2019-05-27 11:53:59+00:00,lykan2go,Pr!e$t [NOT GIVING AWAY CRYPTO],0,0,0,"@etherealKia Buy bitcoin, buy xrp",en
df1,2019-05-27 11:54:00+00:00,preach,josh. ‚Çø,0,0,0,@gator_bitcoin @APompliano Happy Memorial Day my friend! Long live btc üôèüéÜ,en
df1,2019-05-27 11:54:01+00:00,MarkCam94074648,Krypto Kram,0,0,0,@nondualrandy @CryptoLaughing So are you saying Bitcoin has been forked?,en
df1,2019-05-27 11:54:01+00:00,a_pahm,Margaret Owen,0,0,0,ethereum classic yahoo finance https://t.co/mP4EzeEoVD how to mine and sell ethereum,en
df1,2019-05-27 11:54:03+00:00,RepoortSpike,Crypto Spikes,0,0,0,Bitcoin price prediction: $BTC prices primed for small correction that could evolve into a major correction https://t.co/ZmbZzHcgN6,en
df1,2019-05-27 11:54:04+00:00,Jorgemoya_91,Jorge,0,0,0,NA WE BO NAAAA,en
df1,2019-05-27 11:54:11+00:00,riko_pranata2,RikoPranata,0,0,0,@NhatSuong95  @afif_aulian  @NhatSuong95   0xfc9219Afb2D0aFC82924cCf08152c62a2EeC0878  #airdrop #bounty #eth #btc #crypto #blockchain  #giveaway,en
df1,2019-05-27 11:54:11+00:00,coincerberus,coincerberus,0,0,0,Bitcoin Price BULLISH but when PULLBACK‚Ä¶? https://t.co/D7FGyQ2rpL #cryptocurrency #cryptocurrencies #cryptonews #cryptotrading #cryptocurrencynews #cryptotrade #cryptolife,en
df1,2019-05-27 11:54:16+00:00,Jane82139557,Jane,0,0,0,#Tor #airdrop #freetoken #freecrypto  Get 200 #TORtokens  Join the airdrop here -&gt;&gt;&gt;    https://t.co/M06NOmmHWl  üòäüòäüòä,en
df1,2019-05-27 11:54:08+00:00,NatPostRadio,National Post Radio,0,0,1,#FiatChrysler #bitcoin and more are coming up in the @financialpost Report with @GeoffZochodne who joins @anthonyfurey on @SXMCanadaTalks CH.167,en
df1,2019-05-26 10:15:30+00:00,Xentagz,Dennis Parker‚ö°Ô∏è,7,686,207,Fidelity Is Really In Love With Bitcoin: Texas Office Filled With Crypto ASICs https://t.co/OdsPKMj10S,en
df1,2019-05-27 11:54:10+00:00,hibeekay_lee,Sugar_,0,1,1,Happy children's day to Me ‚ù§‚ù§‚ù§ #PeakBreakfast #ChildrensDay2019 #bitcoin #RememberWhen https://t.co/0jLARKvanC,en
df1,2019-05-27 06:53:59+00:00,redditships,relationships.txt,143,1863,201,AITA for wanting a divorce from husband who lost 200k on bitcoin? https://t.co/mg2IiQEoB2,en
df1,2019-05-27 10:46:56+00:00,tradingroomapp,Trading Room,33,70,13,"If you bought 1 $BTC at 20K in Dec 2017 &amp; you managed to trade your 1 #BTC &amp; profited and now your balance is 2.5 #Bitcoin, you gained 150% in BTC terms  However at current price of $8800 x 2.5 = $22000, You gained 10% in USD terms  What‚Äôs your base currency to calculate profits?",en
df1,2019-05-27 11:54:17+00:00,RTGDENN,Rene Dennesen,0,0,0,Longer term support and resistance for #Bitcoin #BTC. https://t.co/3ZCQow1XBK,en
df1,2019-05-27 11:54:18+00:00,cryptostreet5,cryptostreet,0,0,0,Why Analysts are Adamant Bitcoin Rally is Just Gettin‚Äô Started After 130% Gain,en
df1,2019-05-27 11:54:22+00:00,AdamJorge7,Adam Jorge,0,0,0,Can Blockchain Change How We Compute Credit Scores? https://t.co/bONp8QscV0 @BitcoinRoundTbl #bitcoin #blockchain #creditscore,en
df1,2019-05-10 10:19:35+00:00,cryptobhoy,Kevin Gladstone,0,0,0,@Beautyon_ Where's bitcoin sign guy when you need him?,en
df1,2019-05-27 11:54:26+00:00,PrincessPaglin1,Princess Paglinawan,0,0,0,[Bitwise: Bitcoin Spot Market Is 'Significantly Smaller And Significantly More Efficient']  Today's ...  https://t.co/Me11ojb3zM https://t.co/toeY7UbaR9,en
df1,2019-05-27 11:54:27+00:00,LorenRTechGuy,Loren Robinson,0,0,0,"Litecoin Is Suddenly Rocketing, Boosting Bitcoin, Ethereum And EOS--Here's Why. #Cryptocurency #Litecoin #Bitcoin #ethereum #EOS #investing  https://t.co/B1DpBYe14b",en
df1,2019-05-27 11:54:29+00:00,smith_jasona,Jasona Smith,0,0,0,"@Bitcoinconvert @candaceshaw @redditships If it went up the month, he would have been considered a Genius, that said, bitcoin is a bad investment",en
df1,2019-05-27 11:54:29+00:00,odebdeb,KING MON,0,0,0,@raypaxful @paxful @skyzer4ever @jan_Paxful @paxful   @raypaxful  my PC was infected with a RAT and a person tried to gain access to my account through FRAUD ID - and you have banned my account i am seller with 0.1 BTC bond their is no support answering me. my user name is : LinusTech_King,en
df1,2019-05-27 11:54:32+00:00,NyuuRoe,Nyuu,0,0,0,"@Chris26877896 ETH is weaker right now, there is chance it wicks below 265 (on Mex) while BTC holds",en
df1,2019-05-27 11:54:32+00:00,ZarkMuckerbarn,Zark‚Çøank,0,0,0,Who sells #Ardor because they might miss out on #Bitcoin?   I don't think these people are from the same neck of the woods as me. üòÇ,en
df1,2019-05-27 11:54:34+00:00,EASYMONEY75,EASYMONEY7,0,0,0,"@BitQueenBR I sure as hell hope so! If ETHEREUM doesn‚Äôt break out against BTC soon, it could break down hard. The bias is bullish, but I‚Äôm still nervous. üò¨üò¨üò¨",en
df1,2019-05-27 11:54:34+00:00,amonnews,AMONNEWS,0,0,0,Let's learn!  The Amon Artificial Intelligence system chooses the best digital assets based on maximum value to the card holder at the moment of purchase.  #amon #xrp  #bitcoin #Eth #xrpcommmunity #xlm  #crypto #eos #xmr #trx #ltc #cryptocurrency #bnb #enjin #matic #btt #bch #AI,en
df1,2019-05-26 21:56:06+00:00,BtcBlockBot,Bitcoin Block Bot,7,262,88,"As of block 577,920, 84.4% of all BTC has been mined. Only 3,276,000 BTC left to mine!",en
df1,2019-05-27 12:02:00+00:00,DeribitRekt,DeribitRekt,0,0,0,"‚è∞ LIQUIDATION on BTC-PERPETUAL ‚ò†Ô∏èÔ∏è   Bought $1,000 of #BTC @ $8794.00  27 May 2019 12:01:57 UTC Trade ID: 22291010",en
df1,2019-05-17 01:52:29+00:00,dogcash_Project,DogCash (DOG) Token Official,500,607,540,Retweet And Tweet the pinned post and tag 5 friends Airdrop DogCash  Has begun  For all users 1500 DOG Token 150$ Invite friends,
