origen,date,username,user_fullname,user_description,user_created,user_verified,location,n_followers,n_following,user_favourites,n_replies,n_likes,n_retweets,hashtags,url,source,is_retweet,text,tweet_language,parsed_date
df1,2018-09-11 05:46:06+00:00,coinimonster,CoiniMonster (Not giving away Coins),,,,,,,,0,3,2,,,,,I didnt tether at $7300 #iamspartacus,,2018-09-11T01:46:06.000-04:00
df1,2018-12-29 04:39:39+00:00,TheBitfi,Bitfi - open source: bitfi.dev,,,,,,,,9,61,16,,,,,"The first lab made diamond happened in 1955 &amp; now they are so flawless that mined diamonds can‚Äôt come close. The same will happen to gold, not to mention the massive supply available on asteroids &amp; other sources. As a result Bitcoin is a necessary part of human evolution. https://t.co/c82ioaR7oq",en,2018-12-28T23:39:39.000-05:00
df1,2019-03-09 23:10:56+00:00,coinairdropall,Crypto Airdrops,,,,,,,,0,0,1,,,,,#Bitcoin #Satoshi #crypto #blockchain #Airdrop,,2019-03-09T18:10:56.000-05:00
df1,2019-03-12 23:09:37+00:00,CoinsAirdrops,Crypto Airdrops,,,,,,,,1,13,9,,,,,#Bitcoin #crypto #Airdrop,,2019-03-12T19:09:37.000-04:00
df1,2019-03-12 23:23:19+00:00,coinairdropall,Crypto Airdrops,,,,,,,,1,0,1,,,,,#Bitcoin #Satoshi #crypto #blockchain #Airdrop,,2019-03-12T19:23:19.000-04:00
df1,2019-03-21 19:21:29+00:00,Airdropnotecom,Crypto Airdrops,,,,,,,,0,13,13,,,,,#Bitcoin #Satoshi #crypto #blockchain #Airdrop,,2019-03-21T15:21:29.000-04:00
df1,2019-05-02 17:36:29+00:00,Drife_official,Drife,,,,,,,,6,282,85,,,,,https://t.co/Ip0ph8uZYn,,2019-05-02T13:36:29.000-04:00
df1,2019-05-03 15:02:59+00:00,CreditTerra,Terra Credit,,,,,,,,213,1870,1744,,,,,CREDIT trading leaderboard is available in realtime Now you can see your position at üëá,,2019-05-03T11:02:59.000-04:00
df1,2019-05-10 09:59:45+00:00,SwingTrader1974,Ta-Trade,,,,,,,,0,0,0,,,,,@mark_dow Bitcoin is the one imv,en,2019-05-10T05:59:45.000-04:00
df1,2019-05-10 10:03:54+00:00,TxHodlEm,Texas HodlEm,,,,,,,,0,0,1,,,,,Bitcoin FUDsters RN https://t.co/Yxo3TCxQci,en,2019-05-10T06:03:54.000-04:00
df1,2019-05-10 10:04:39+00:00,Paul__Brainy,Paul Brainy,,,,,,,,0,0,0,,,,,"\"@KennETHbosak \"\"Banking on Bitcoin\"\" on Netflix.\"",en,2019-05-10T06:04:39.000-04:00
df1,2019-05-10 10:08:08+00:00,cadillacjoe2001,cadillacjoe2001,,,,,,,,0,0,0,,,,,üöÄüöÄüöÄ too the moon lol,en,2019-05-10T06:08:08.000-04:00
df1,2019-05-10 10:18:53+00:00,GalaxyTraging,GalaxyTrading,,,,,,,,0,0,0,,,,,"$BTC all targets hit, more than 90% profit üí∞",en,2019-05-10T06:18:53.000-04:00
df1,2019-05-10 10:19:20+00:00,satoshi77island,Satoshi-island,,,,,,,,0,0,0,,,,,ü§£ü§£ü§£ü§£ could not agree more,en,2019-05-10T06:19:20.000-04:00
df1,2019-05-10 10:19:35+00:00,cryptobhoy,Kevin Gladstone,,,,,,,,0,0,0,,,,,@Beautyon_ Where's bitcoin sign guy when you need him?,en,2019-05-10T06:19:35.000-04:00
df1,2019-05-10 10:25:25+00:00,emess001,Emesz,,,,,,,,0,0,0,,,,,@needacoin in btc or usd? ;p,en,2019-05-10T06:25:25.000-04:00
df1,2019-05-10 10:30:12+00:00,JohnnyCrypto3,Johnny Crypto,,,,,,,,0,0,0,,,,,I love @spiceadams lol,en,2019-05-10T06:30:12.000-04:00
df1,2019-05-10 20:34:39+00:00,Tradermayne,Mayne,,,,,,,,18,435,40,,,,,$BTC https://t.co/Nxc2azB3ez,en,2019-05-10T16:34:39.000-04:00
df1,2019-05-11 00:12:46+00:00,Verdict,ryan,,,,,,,,0,0,0,,,,,$1000 left!,en,2019-05-10T20:12:46.000-04:00
df1,2019-05-11 06:53:18+00:00,justinsuntron,Justin Sun,,,,,,,,352,2653,727,,,,,"Never too late to buy. The best timing to buy $BTC, ten years ago or now.",en,2019-05-11T02:53:18.000-04:00
df1,2019-05-13 21:05:42+00:00,satoexchange,SatoExchange,,,,,,,,200,455,387,,,,,#retweet &amp; tag,,2019-05-13T17:05:42.000-04:00
df1,2019-05-15 13:35:01+00:00,cryptowhitewalk,Crypto White Walker,,,,,,,,3,24,21,,,,,1/2,,2019-05-15T09:35:01.000-04:00
df1,2019-05-15 22:26:29+00:00,btm_community,Bitcoin Mart,,,,,,,,2104,4425,5070,,,,,Free 100 BTM worth of $24 #Airdrop from @btm_community,,2019-05-15T18:26:29.000-04:00
df1,2019-05-17 01:52:29+00:00,dogcash_Project,DogCash (DOG) Token Official,,,,,,,,500,607,540,,,,,Retweet And Tweet the pinned post and tag 5 friends,,2019-05-16T21:52:29.000-04:00
df1,2019-05-18 21:37:23+00:00,m3tals1,m3tals,,,,,,,,4,29,7,,,,,"@xrp_news @coinbase @APompliano I‚Äôm ‚Äòfairly‚Äô new to Crypto, so I had only transferred XRP to a couple of places. So, when I first transferred BTC it took so long that I actually thought I had ‚Äúlost‚Äù all my money... https://t.co/t8fybNlmwL",en,2019-05-18T17:37:23.000-04:00
df1,2019-05-20 17:07:49+00:00,AioCasino,AIO Casino,,,,,,,,0,36,35,,,,,We will be releasing more information about our games and token sale soon.,,2019-05-20T13:07:49.000-04:00
df1,2019-05-21 16:49:45+00:00,giving_airdrops,Daily_Airdrops,,,,,,,,47,81,84,,,,,BTC IS STILL GOING STRONG!!,,2019-05-21T12:49:45.000-04:00
df1,2019-05-22 12:42:16+00:00,Cybintelligence,CybIntelligence,,,,,,,,3,2,7,,,,,BestMixer has been seized by the Dutch Police / Luxembourg Police and French Police w/ association from Europol. BestMixer was a Bitcoin Mixer/Tumbler. #Cryptocurrency #Bitcoin #BestMixer https://t.co/dXrEY9yAtt,en,2019-05-22T08:42:16.000-04:00
df1,2019-05-23 14:14:21+00:00,CRESIOcoin,CRESIO,,,,,,,,4,46,30,,,,,Cresio and Airdrop Alert in MALTA AI &amp; BLOCKCHAIN SUMMIT 2019 @BlockchainMT @Airdropalertcom,,2019-05-23T10:14:21.000-04:00
df1,2019-05-23 16:18:55+00:00,lopp,Jameson Lopp,,,,,,,,36,1126,249,,,,,"\"Them: \"\"Listen up, I'm an acclaimed economist.\"\"",,2019-05-23T12:18:55.000-04:00
df1,2019-05-24 04:22:02+00:00,cotrader_com,cotrader.com,,,,,,,,2,14,8,,,,,"Will Jimmy Song lose his $500K bet with Joe Lubin, with 25 dApps at 5k MAU already, 4 years early?",,2019-05-24T00:22:02.000-04:00
df1,2019-05-25 10:14:41+00:00,cryptowhitewalk,Crypto White Walker,,,,,,,,8,94,76,,,,,ohh and just incase anyone is interested in some free $BTC,,2019-05-25T06:14:41.000-04:00
df1,2019-05-25 11:29:20+00:00,mrjasonchoi,Jason Choi,,,,,,,,244,5910,1620,,,,,"\"\"\"Bitcoin is not tied to anything\"\"",,2019-05-25T07:29:20.000-04:00
df1,2019-05-25 17:35:00+00:00,ruchira30541190,ruchira,,,,,,,,0,0,0,,,,,Who can give me a analyze about Bitcoin's Next move ‚ù§Ô∏èüòç https://t.co/NZCO2EWDp0,en,2019-05-25T13:35:00.000-04:00
df1,2019-05-25 19:55:04+00:00,sign_keys,SignKeys,,,,,,,,91,203,155,,,,,üí•#SignKeys is offering a FREE listing to the winner of this vote.,,2019-05-25T15:55:04.000-04:00
df1,2019-05-25 20:34:47+00:00,mdudas,Mike Dudas,,,,,,,,38,376,38,,,,,"Bitcoin at $8,000 is a generational opportunity to create wealth for yourself and your family.",en,2019-05-25T16:34:47.000-04:00
df1,2019-05-25 23:26:58+00:00,newsbtc,NEWSBTC,,,,,,,,3,31,20,,,,,"Analysts are now closely watching a relatively tight range between $8,200 and $8,400 as the next region of resistance that #BTC must close above in order for its journey towards the coveted $10,000 region to continue on.",,2019-05-25T19:26:58.000-04:00
df1,2019-05-26 04:25:51+00:00,Forty__3,ŸÅŸ∞ üåª.,,,,,,,,1,12,17,,,,,#BTC https://t.co/WR76dteXiZ,en,2019-05-26T00:25:51.000-04:00
df1,2019-05-26 10:15:30+00:00,Xentagz,Dennis Parker‚ö°Ô∏è,,,,,,,,7,686,207,,,,,Fidelity Is Really In Love With Bitcoin: Texas Office Filled With Crypto ASICs https://t.co/OdsPKMj10S,en,2019-05-26T06:15:30.000-04:00
df1,2019-05-26 11:46:22+00:00,CryptoJasonNL,Crypto Jason,,,,,,,,2,7,2,,,,,@APompliano you're a living legend!,,2019-05-26T07:46:22.000-04:00
df1,2019-05-26 12:32:46+00:00,MessariNews,Messari News,,,,,,,,1,36,12,,,,,Over a quarter of Kraken employees get paid in bitcoin,,2019-05-26T08:32:46.000-04:00
df1,2019-05-26 13:30:05+00:00,TheSoulCab,Soul Cab üöïüöñ,,,,,,,,0,4,1,,,,,"\"@Brilliant_Ads Bitcoin, \"\"Please wait 4 days for your $2.95 transaction\"\"",,2019-05-26T09:30:05.000-04:00
df1,2019-05-26 13:30:50+00:00,Josh_Rager,Josh Rager üìà,,,,,,,,8,132,23,,,,,New video is now up,,2019-05-26T09:30:50.000-04:00
df1,2019-05-26 13:40:09+00:00,kallerosenbaum,Kalle Rosenbaum,,,,,,,,3,137,30,,,,,#Bitcoin is free (as in speech) money for everyone.,,2019-05-26T09:40:09.000-04:00
df1,2019-05-26 19:00:08+00:00,LeoDiCrypt0,Leo,,,,,,,,8,29,5,,,,,Forget about trading if you don't have a system.,,2019-05-26T15:00:08.000-04:00
df1,2019-05-26 19:58:37+00:00,neha,Neha Narula,,,,,,,,54,715,70,,,,,"No, you're really not. This is gaslighting bullshit. The entire thread is a travesty.",,2019-05-26T15:58:37.000-04:00
df1,2019-05-26 20:55:29+00:00,BerlyChain,Berly Chain,,,,,,,,1,28,4,,,,,$HOT $HOT $HOT üçÄ,,2019-05-26T16:55:29.000-04:00
df1,2019-05-26 20:57:45+00:00,Schuldensuehner,Holger Zschaepitz,,,,,,,,11,109,52,,,,,#Bitcoin hits 12mth high in sudden parabolic swing. https://t.co/KX9UkpgaHW,en,2019-05-26T16:57:45.000-04:00
df1,2019-05-26 20:58:33+00:00,oryx_project,Oryx Token,,,,,,,,0,19,16,,,,,Decentralization Social Network,,2019-05-26T16:58:33.000-04:00
df1,2019-05-26 21:04:10+00:00,FixedFloat,FixedFloat‚ö°Ô∏è,,,,,,,,0,31,29,,,,,Bitcoin costs more than $8500üí™,,2019-05-26T17:04:10.000-04:00
df1,2019-05-26 21:56:06+00:00,BtcBlockBot,Bitcoin Block Bot,,,,,,,,7,262,88,,,,,"As of block 577,920, 84.4% of all BTC has been mined. Only 3,276,000 BTC left to mine!",en,2019-05-26T17:56:06.000-04:00
df1,2019-05-26 21:56:26+00:00,awecoin,AweCoin.me #AWE,,,,,,,,36,67,74,,,,,"We'll be giving away 100,000 #AWE to one lucky winner in 24 hours! To enter:",,2019-05-26T17:56:26.000-04:00
df1,2019-05-26 21:58:57+00:00,zerohedge,zerohedge,,,,,,,,15,201,87,,,,,"Cryptos Are Exploding Higher, Bitcoin At 12-Month Highs https://t.co/70fgitSkjq",en,2019-05-26T17:58:57.000-04:00
df1,2019-05-26 22:27:19+00:00,Josh_Rager,Josh Rager üìà,,,,,,,,18,140,12,,,,,Who needs a Bitcoin triangle meme...,,2019-05-26T18:27:19.000-04:00
df1,2019-05-26 22:38:51+00:00,yassineARK,Yassine Elmandjra,,,,,,,,10,551,80,,,,,I will be forever grateful to Bitcoin.,,2019-05-26T18:38:51.000-04:00
df1,2019-05-27 00:02:39+00:00,MoonOverlord,Moon Overlord,,,,,,,,21,382,41,,,,,Keep your eye on the prize bears you got this.,,2019-05-26T20:02:39.000-04:00
df1,2019-05-27 00:25:47+00:00,Ben_Harper,Ben üå±,,,,,,,,0,0,1,,,,,Ever wonder what it‚Äôs like to argue for 7 hours with a whole subreddit that hates you?,,2019-05-26T20:25:47.000-04:00
df1,2019-05-27 00:32:43+00:00,Excellion,Samson Mow,,,,,,,,15,321,64,,,,,#Bitcoin doesn‚Äôt care who said what or who was or wasn‚Äôt nice.,en,2019-05-26T20:32:43.000-04:00
df1,2019-05-27 00:34:18+00:00,devnullius,‚ùå #Altcoin Devvie ‚ùå,,,,,,,,0,6,4,,,,,"Bitcoin nears $9,000 as it breaks through its highest level this year - CNBC https://t.co/hKSOYNfhEO",en,2019-05-26T20:34:18.000-04:00
df1,2019-05-27 01:09:46+00:00,xtdisnkfe,Master ‚ö°Ô∏è,,,,,,,,6,110,17,,,,,Bitcoin and litecoin are dominating.,,2019-05-26T21:09:46.000-04:00
df1,2019-05-27 01:37:37+00:00,crypto_birb,Crypto‚Çøirb,,,,,,,,31,141,8,,,,,bitcoin may pump to 100k but I bet my ass 1DOGE=1BTC this season,en,2019-05-26T21:37:37.000-04:00
df1,2019-05-27 01:57:40+00:00,APompliano,Pomp üå™,,,,,,,,142,1476,177,,,,,Someone check on @nouriel.,,2019-05-26T21:57:40.000-04:00
df1,2019-05-27 02:45:05+00:00,markets,Bloomberg Markets,,,,,,,,2,68,38,,,,,"Bitcoin soared to the highest level in a year, extending a run that‚Äôs seen prices more than double https://t.co/ogzcWr0qQy",en,2019-05-26T22:45:05.000-04:00
df1,2019-05-27 02:45:24+00:00,BelensayFinans,ùîÇùëí≈üùíæùìÇùí∑ùëíùìÅùëíùìÉùìàùí∂ùìé,,,,,,,,0,74,54,,,,,EVET...Seans a√ßƒ±lƒ±≈üƒ±na YAKIN G√ñR√ú≈û√úR√úZ.,,2019-05-26T22:45:24.000-04:00
df1,2019-05-27 03:03:38+00:00,barrysilbert,Barry Silbert,,,,,,,,24,824,235,,,,,Bitcoin hits all-time high in Argentine pesos https://t.co/k9BAow4wdP via @financialtimes,en,2019-05-26T23:03:38.000-04:00
df1,2019-05-27 03:16:11+00:00,blocksearch,Blockchain Intelligence Group,,,,,,,,0,7,3,,,,,"BIG Blockchain Intelligence Group announces acquisition of Netcoins Operations, entry into Bitcoin Institutional OTC Trading and Cryptocurrency Custody Services - https://t.co/64CtBRv9uV",en,2019-05-26T23:16:11.000-04:00
df1,2019-05-27 03:29:34+00:00,Josh_Rager,Josh Rager üìà,,,,,,,,26,300,24,,,,,Thanks for ruining the $9k targets guys https://t.co/OseXAvMu1K,en,2019-05-26T23:29:34.000-04:00
df1,2019-05-27 03:41:23+00:00,ProofOfSteve,Steve ‚Çø,,,,,,,,2,51,11,,,,,"Get ready for a swell of public and media interest in #Bitcoin again once the price hits $10,000. Its a psychological round number which as humans we are conditioned for this to peak our interest. #btc #crypto",en,2019-05-26T23:41:23.000-04:00
df1,2019-05-27 03:50:33+00:00,BitTorrent,BitTorrent Inc.,,,,,,,,13,343,96,,,,,"#BTT will be listed on @BigONEexchange where you can trade $BTT / $BTC at 12:00, May 29, 2019 (SGT). https://t.co/ntPjpfDOhd",en,2019-05-26T23:50:33.000-04:00
df1,2019-05-27 04:08:27+00:00,CryptoTraffico,Traffico$CryptoüíÄ,,,,,,,,12,2,2,,,,,I want to buy a cheetah...feel free to donate üíØüíÄ,,2019-05-27T00:08:27.000-04:00
df1,2019-05-27 04:08:46+00:00,vegardwikeby,Vegard Wikeby,,,,,,,,3,28,10,,,,,"After using it for a few days since launch (yes a few days); https://t.co/GwYY8mzM47 is the hottest piece of tech I've seen on Bitcoin¬©. It is a remarkable idea that is more than an idea, it's a real product with real payment-data-payment-incentivise-more-valueable-data business!",en,2019-05-27T00:08:46.000-04:00
df1,2019-05-27 04:26:49+00:00,CryptoAmb,AMBCrypto,,,,,,,,0,11,6,,,,,Bitcoin prices hit $150 billion market cap for the first time in 2019 as prices pump by 11%,,2019-05-27T00:26:49.000-04:00
df1,2019-05-27 06:09:02+00:00,Bullyena,Bullyena üê≥,,,,,,,,0,0,0,,,,,$ETH,,2019-05-27T02:09:02.000-04:00
df1,2019-05-27 06:15:49+00:00,DigiFinex,DigiFinex Exchange,,,,,,,,164,1335,161,,,,,#Bitcoin on @WheelofFortune ! (Posted by CryptoParody on Reddit.) https://t.co/Aq43sP9ANQ,en,2019-05-27T02:15:49.000-04:00
df1,2019-05-27 06:20:23+00:00,theo_crypto99,Theoüìö Crypto99‚Ñ¢,,,,,,,,0,0,0,,,,,Well said. This is what i am trying to show/tell you guys. Here it is given on a silver platter. Good luck peeps,,2019-05-27T02:20:23.000-04:00
df1,2019-05-27 06:37:50+00:00,CoinDeskMarkets,CoinDesk Markets,,,,,,,,2,27,7,,,,,BTC,,2019-05-27T02:37:50.000-04:00
df1,2019-05-27 06:53:59+00:00,redditships,relationships.txt,,,,,,,,143,1863,201,,,,,AITA for wanting a divorce from husband who lost 200k on bitcoin? https://t.co/mg2IiQEoB2,en,2019-05-27T02:53:59.000-04:00
df1,2019-05-27 07:01:02+00:00,100trillionUSD,Plan‚Çø,,,,,,,,26,632,221,,,,,$USD lost 99.99% of it's value ... against #bitcoin 2011-2019 https://t.co/BeUq4yBeND,en,2019-05-27T03:01:02.000-04:00
df1,2019-05-27 07:01:11+00:00,Tronunicash,Tron Universal Coin,,,,,,,,15,31,23,,,,,Join TUC. AIRDROP NOW..,,2019-05-27T03:01:11.000-04:00
df1,2019-05-27 07:34:58+00:00,CryptoBuyers,Crypto Buyers Club UK,,,,,,,,0,0,0,,,,,Coinbase iOS app downloads have spiked this Memorial Day weekend in the US.,,2019-05-27T03:34:58.000-04:00
df1,2019-05-27 07:43:24+00:00,OneHanSolo,Han Solo üí•üöÄüåù,,,,,,,,2,66,24,,,,,China's Bitcoin Dominance Is Worrying Trump's White House -- And Pushing It Toward Ripple Fly My Sweet $XRP Fly üí•üöÄüåù https://t.co/K6AkNioRfR,en,2019-05-27T03:43:24.000-04:00
df1,2019-05-27 08:13:06+00:00,CCNMarkets,CCN.com,,,,,,,,5,167,68,,,,,"Bitcoin Price Hits $8,939 in New 2019 High: What‚Äôs Driving the Hypnotic Rally? https://t.co/BADC8cBQdd",en,2019-05-27T04:13:06.000-04:00
df1,2019-05-27 08:17:24+00:00,KevinLWalker,Kevin L. Walker,,,,,,,,0,3,2,,,,,"Bitcoin from $8,000 to $8,700 overnight üöÄ",,2019-05-27T04:17:24.000-04:00
df1,2019-05-27 08:22:55+00:00,FatihSK87,FatihSK,,,,,,,,11,252,63,,,,,Next indicator I'm waiting for to cross on the Weekly;,,2019-05-27T04:22:55.000-04:00
df1,2019-05-27 08:32:08+00:00,giving_airdrops,Daily_Airdrops,,,,,,,,14,40,39,,,,,BTC IS GOING CRAZYYY!,,2019-05-27T04:32:08.000-04:00
df1,2019-05-27 08:58:46+00:00,Graham__Hannah,BrewD0G,,,,,,,,0,0,0,,,,,The Top 5 Countries Gripped by Bitcoin FOMO Right Now https://t.co/tV5V0mYqcl,en,2019-05-27T04:58:46.000-04:00
df1,2019-05-27 09:27:30+00:00,raghav_nayan,Nayan,,,,,,,,38,21,37,,,,,üí•Who wants a #giveawayüí•,,2019-05-27T05:27:30.000-04:00
df1,2019-05-27 09:52:10+00:00,EXUofficial,EXU,,,,,,,,0,29,22,,,,,#Something is #Happening...!,,2019-05-27T05:52:10.000-04:00
df1,2019-05-27 10:41:47+00:00,officialmudrex,Mudrex,,,,,,,,0,3,3,,,,,Which price range will #bitcoin be trading in this week?,en,2019-05-27T06:41:47.000-04:00
df1,2019-05-27 10:46:56+00:00,tradingroomapp,Trading Room,,,,,,,,33,70,13,,,,,"If you bought 1 $BTC at 20K in Dec 2017 &amp; you managed to trade your 1 #BTC &amp; profited and now your balance is 2.5 #Bitcoin, you gained 150% in BTC terms",,2019-05-27T06:46:56.000-04:00
df1,2019-05-27 10:54:21+00:00,BitQueenBR,BitQueenBRüëëüáßüá∑,,,,,,,,8,54,6,,,,,$ETH reaching potential bounce area on the BTC pair.,,2019-05-27T06:54:21.000-04:00
df1,2019-05-27 11:02:10+00:00,jasoncreation,Jason Sibley,,,,,,,,0,1,2,,,,,"\"TraderCobb: \"\"Why I think #Bitcoin Will Get To $10,000 This Week - I have been observing Bitcoin closely the last 2 weeks and so far it has stuck to what I thought it might do. Get an understanding for why I think it has the chance at 10k this w... https://t.co/amoqbiI53q #crypto https://t.co/GDgUrHhdGC\"",en,2019-05-27T07:02:10.000-04:00
df1,2019-05-27 11:12:02+00:00,ThinkingXBT,ezbrah,,,,,,,,17,89,8,,,,,"Indicator giving a very rare top signal on the H1, and funding + sentiment also suggests to me that we may be forming a top here. Not too confident in my 9.6k target anymore. Closing Bitcoin longs and re-evaluating. https://t.co/TuIRHsqHq6",en,2019-05-27T07:12:02.000-04:00
df1,2019-05-27 11:18:11+00:00,rektcapital,Rekt Capital,,,,,,,,22,172,9,,,,,Who bought the dips on #Bitcoin before the breakout rally? üôã‚Äç‚ôÇÔ∏è,,2019-05-27T07:18:11.000-04:00
df1,2019-05-27 11:25:16+00:00,TronVegasOnline,TronVegas,,,,,,,,1,12,6,,,,,‚ô¶Ô∏èHuobi Wallet Event‚ô¶Ô∏è,,2019-05-27T07:25:16.000-04:00
df1,2019-05-27 11:27:22+00:00,BoilingPointLTC,Dr. Rob D.eez Nutz,,,,,,,,1,19,6,,,,,You have roughly 6 days left to get your #LaunhPadFoundation 50/50 #raffle tickets in!! Current pot is around 16.5 #Litecoin!! Head over to https://t.co/qLTV0r5aF8 and grab your #tickets today!! #LTC #BTC #Crypto. #LitecoinFam #airdrop #DGB #DigiByte @jonnylitecoin @LTCFoundation https://t.co/aFIbK1Pd26,en,2019-05-27T07:27:22.000-04:00
df1,2019-05-27 11:28:01+00:00,gregzupanc,Gregor Zupanc,,,,,,,,0,4,2,,,,,#Gold vs #Fiat vs #Bitcoin,,2019-05-27T07:28:01.000-04:00
df1,2019-05-27 11:29:02+00:00,MADinMelbourne,$TheWildCard,,,,,,,,11,17,2,,,,,please welcome $summertime to @handcashapp,,2019-05-27T07:29:02.000-04:00
df1,2019-05-27 11:33:39+00:00,holochainnews,HOLONEWS,,,,,,,,1,152,44,,,,,New release!,,2019-05-27T07:33:39.000-04:00
df1,2019-05-27 11:37:11+00:00,Cryptopoly,CryptoRaptor,,,,,,,,2,16,7,,,,,This banking system really as corrupt AF.,,2019-05-27T07:37:11.000-04:00
df1,2019-05-27 11:39:34+00:00,Bodhi_Zaffa,Joey 2 Stacks B.A. üá®üá¶,,,,,,,,0,0,2,,,,,Live as a socialist ?,,2019-05-27T07:39:34.000-04:00
df1,2019-05-27 11:40:26+00:00,Fahim_BTX,Fahim_‚ÇøTX,,,,,,,,4,28,16,,,,,$BTX @Bitcore_BTX $1.11 +28.29%,,2019-05-27T07:40:26.000-04:00
df1,2019-05-27 11:41:32+00:00,mariita52steem,mariita52,,,,,,,,0,1,1,,,,,Day # 2 Making noise on twitter.,,2019-05-27T07:41:32.000-04:00
df1,2019-05-27 11:43:28+00:00,Stake,Stake.com,,,,,,,,2,7,3,,,,,üíÄ Warning! Deadly Mines challenge! Do you have what it takes to complete our most explosive challenge yet? If so be sure to claim your spot in this prize pool of up to 0.1 Bitcoin! https://t.co/JqYw9Ta5LG #stake #challenge #bitcoin https://t.co/AvzafbaERp,en,2019-05-27T07:43:28.000-04:00
df1,2019-05-27 11:43:43+00:00,rhum01,rhum,,,,,,,,2,5,2,,,,,#bitcoin zoomed in on daily update from last flag post - has broken up: https://t.co/6fioKJUXVC,en,2019-05-27T07:43:43.000-04:00
df1,2019-05-27 11:44:17+00:00,mwill_crypto,Matthew Willemsen,,,,,,,,2,29,5,,,,,"üá¶üá∑ If an Argentinian had bought #bitcoin [ $BTC ] at the apex of the December 2017 bull run, they'd *still* be wealthier vs. if they'd banked their pesos ü§Ø",en,2019-05-27T07:44:17.000-04:00
df1,2019-05-27 11:45:48+00:00,crypto_sarah9,‚≠êÔ∏è Crypto Sarah ‚≠êÔ∏è,,,,,,,,3,42,8,,,,,It's beginning! https://t.co/V0MyRYS91q,en,2019-05-27T07:45:48.000-04:00
df1,2019-05-27 11:48:17+00:00,Sevdaa96977263,Sevdaa,,,,,,,,0,0,1,,,,,√áok guzel https://t.co/QPMgadHGHr,en,2019-05-27T07:48:17.000-04:00
df1,2019-05-27 11:49:04+00:00,CryptoHangover,ùîºùïùùïûùï†üò∏üë©‚ÄçüöÄüßô‚Äç‚ôÇÔ∏è,,,,,,,,1,29,7,,,,,I didn‚Äôt buy enough #bitcoin at thee bottom!,,2019-05-27T07:49:04.000-04:00
df1,2019-05-27 11:49:06+00:00,3eyedbran,Bran - 3 Eyed Raven,,,,,,,,0,2,1,,,,,Another Test tweet that wasn't caught in the stream ! bitcoin,en,2019-05-27T07:49:06.000-04:00
df1,2019-05-27 11:49:17+00:00,malfouh,Emad Almalfouh,,,,,,,,1,1,1,,,,,"#Countdown #ComingSoon The $QLC airdrop, #Q_Gas tokens for every QLC holders, Don't waste the opportunity buy now and hold.",,2019-05-27T07:49:17.000-04:00
df1,2019-05-27 11:49:18+00:00,bitcointe,Bitcointe,,,,,,,,0,0,0,,,,,Cardano: Digitize Currencies; EOS https://t.co/1kTKqKEBlS 6500% ROI; AT&amp;T Bitcoin Bill Pay https://t.co/eQCwOXKHK0   |  Cardano (ADA) üåèüì¢üòéü§ëüíµ | #FolloForFolloBack #follo4folloback #followforfollow #bitcointe #cryptocurrency,en,2019-05-27T07:49:18.000-04:00
df1,2019-05-27 11:49:19+00:00,ltonews,LTONEWS,,,,,,,,0,14,2,,,,,"One of the useful articles of Stefan; here is the guide, you can run a @LTOnetwork  node on Alibaba Cloud.",,2019-05-27T07:49:19.000-04:00
df1,2019-05-27 11:49:22+00:00,DetroitCrypto,J. Scardina,,,,,,,,0,0,0,,,,,Current Crypto Prices!,,2019-05-27T07:49:22.000-04:00
df1,2019-05-27 11:49:23+00:00,mmursaleen72,Muhammad Mursaleen,,,,,,,,0,0,0,,,,,Spiv (Nosar Baz): BITCOIN Is An Asset &amp; NOT A Currency.,,2019-05-27T07:49:23.000-04:00
df1,2019-05-27 11:49:25+00:00,evilrobotted,evilrobotted,,,,,,,,0,0,0,,,,,@nwoodfine We have been building on the real #bitcoin SV.,,2019-05-27T07:49:25.000-04:00
df1,2019-05-27 11:49:30+00:00,optbus_hw45,Optimized Business,,,,,,,,1,1,1,,,,,Invested my Life Savings into Bitcoin and Ethereum | Vlog¬†#09 https://t.co/CEL0BXw3fs https://t.co/AET16t8a56,en,2019-05-27T07:49:30.000-04:00
df1,2019-05-27 11:49:32+00:00,MLWright15,ML Wright,,,,,,,,0,0,0,,,,,"CHANGE IS COMING...GET READY!!! Boom, Another [CB] Jab, Nothing Can Stop This! Globalism at its end stage, [CB] push to make a one world govt. coming to an end.",,2019-05-27T07:49:32.000-04:00
df1,2019-05-27 11:49:38+00:00,charlesaunger,Charles Aunger,,,,,,,,0,0,0,,,,,"Bitcoin SV (BSV) Price Spikes 33%, Gains $1 Billion From a $55 Copyright Application - CCN https://t.co/DVF1AqJGxk https://t.co/7xIKJBb2e2",en,2019-05-27T07:49:38.000-04:00
df1,2019-05-27 11:49:39+00:00,AvaTrade,AvaTrade,,,,,,,,0,0,0,,,,,"Crypto prices rose across the board over the weekend as Bitcoin nears $9,000 level.",,2019-05-27T07:49:39.000-04:00
df1,2019-05-27 11:49:40+00:00,dergigi,Gigi,,,,,,,,1,1,1,,,,,@keyvandavani @TuurDemeester @100trillionUSD @jimmysong @ToneVays @TraceMayer How many sats per person?,,2019-05-27T07:49:40.000-04:00
df1,2019-05-27 11:49:42+00:00,charlesaunger,Charles Aunger,,,,,,,,0,0,0,,,,,"Bitcoin Whales Move 27019 BTC in Crypto Rally ‚Äì Plus Ripple and XRP, Ethereum, Litecoin, Stellar, Tron, Cardano - The Daily Hodl https://t.co/8W0dp4YKTi https://t.co/nElvOLiGdV",en,2019-05-27T07:49:42.000-04:00
df1,2019-05-27 11:49:45+00:00,OlatotseLegoh,legoh olatotse,,,,,,,,0,0,1,,,,,mahachiüëèüëèüëè https://t.co/YONsRNRy6y,en,2019-05-27T07:49:45.000-04:00
df1,2019-05-27 11:49:46+00:00,FinZTribune,ZTribune,,,,,,,,0,0,0,,,,,"As Intel $INTC Valuation Rose, Btc Capital Management Has Increased by $418,968 Its Position; Schlumberger LTD $SLB Share Price Declined While Mcdaniel Terry &amp; Co Cut by $1.42 Million Its Holding https://t.co/HmDE6GHvVW",en,2019-05-27T07:49:46.000-04:00
df1,2019-05-27 11:49:47+00:00,jjhulla9,Jayy sqaur3d,,,,,,,,0,0,0,,,,,This is true. Crypto currency is a new asset class people are just now beginning to understand. I'll see my fellow traders on the Moon.,en,2019-05-27T07:49:47.000-04:00
df1,2019-05-27 11:49:48+00:00,sheikki,sheikki,,,,,,,,0,0,0,,,,,"@APompliano If by Bitcoin you mean BSV, I fully agree with you. However, if you're talking about BTC, you couldn't be more wrong. Five years from now nobody will even remember what BTC was",en,2019-05-27T07:49:48.000-04:00
df1,2019-05-27 11:49:54+00:00,nave_en_kumar,Naveen,,,,,,,,0,0,1,,,,,#Elections2019 #Varanasi #MondayMotivation #JayeshbhaiJordaar #Ahmadiyya #bitcoin #mondaythoughts #Prabhas #ModiInVaranasi #Saaho #Bharat #MondayMorning #Devi2In4Days #ManojPahwa #BharatWithFamily https://t.co/Ewf0rpOaIF,en,2019-05-27T07:49:54.000-04:00
df1,2019-05-27 11:49:54+00:00,Utoday_en,U.today,,,,,,,,0,1,1,,,,,#LTCprice surges ahead of $BTC quotes as users show more interest in the #LTCnetwork $LTC #Litecoin #LTChalving #top10coins https://t.co/FJy0nUwdkI,en,2019-05-27T07:49:54.000-04:00
df1,2019-05-27 11:49:59+00:00,nefertititrade,Nefertiti Tradebot,,,,,,,,0,0,0,,,,,Done Sell. $SRN-BTC priced at 0.018713 #Bittrex,en,2019-05-27T07:49:59.000-04:00
df1,2019-05-27 11:50:00+00:00,dung1prohb,AligaPika,,,,,,,,0,0,0,,,,,I hope that the project will be interested in large investment funds. This platform deserves attention.Experienced specialists are working on the project.,,2019-05-27T07:50:00.000-04:00
df1,2019-05-27 11:50:02+00:00,stolenfriend,Nighat Mursaleen,,,,,,,,0,0,0,,,,,Spiv (Nosar Baz): BITCOIN Is An Asset &amp; NOT A Currency.,,2019-05-27T07:50:02.000-04:00
df1,2019-05-27 11:50:02+00:00,CoinCapsAi,CoinCaps.ai,,,,,,,,0,0,0,,,,,Top 5 #cryptocurrencies,,2019-05-27T07:50:02.000-04:00
df1,2019-05-27 11:50:03+00:00,TonirLapine4861,ÊöóÂè∑ÈÄöË≤®ÊÉÖÂ†±Ôº†Á®º„Åê,,,,,,,,0,0,0,,,,,"ICYMI: Ruden Holding, a Japanese real estate company, to use #Bitcoin and #NEM blockchain for contract based settlements. Read the full story belowüëá",en,2019-05-27T07:50:03.000-04:00
df1,2019-05-27 11:50:03+00:00,statesupervisch,indiazeppelin,,,,,,,,0,0,0,,,,,"@CNBCFastMoney Great to @CNBCFastMoney back on the bitcoin bandwagon ........ when $20,000? Soon! When XRP $5? Soon!!!!!! #xrp",en,2019-05-27T07:50:03.000-04:00
df1,2019-05-27 11:50:04+00:00,tomar_saniya,Saniya Tomar,,,,,,,,0,0,0,,,,,@CryptoBull,,2019-05-27T07:50:04.000-04:00
df1,2019-05-27 11:50:04+00:00,eduardoleon22,eduardo leon,,,,,,,,0,0,0,,,,,Find the best Cryptocurrency and Bitcoin Affiliate Programs on Forex Directory! #CryptocurrencyAffiliatePrograms #CryptocurrencyAffiliateMarketing #BitcoinAffiliatePrograms #BitcoinAffiliateMarketing #ForexDirectory https://t.co/vLTo16I7El,en,2019-05-27T07:50:04.000-04:00
df1,2019-05-27 11:50:04+00:00,9OHifJ3LYR6pSrl,–í–ª–∞–¥–∏–º–∏—Ä,,,,,,,,0,0,1,,,,,All users is very good. https://t.co/JUB1fUuipT,en,2019-05-27T07:50:04.000-04:00
df1,2019-05-27 11:50:06+00:00,ccexapp,Bitcoin  Forecast Ô£ø,,,,,,,,0,0,0,,,,,Tomorrow's KIZUNACOIN(KIZ) forecast is,,2019-05-27T07:50:06.000-04:00
df1,2019-05-27 11:50:07+00:00,inputspike,Inputspike,,,,,,,,0,0,0,,,,,"BTC/POA (Binance) gained 7.29% in the last 20 min. 0.03083687USD, 0.00000379…É $POA #POANetwork #cryptocurrency https://t.co/GgWeZf2eOz",en,2019-05-27T07:50:07.000-04:00
df1,2019-05-27 11:50:09+00:00,jasonclarktwit,Jason Clark,,,,,,,,0,0,0,,,,,"this channel called $DGB before it made 6x. they only share high reward, low risk signals. join:",,2019-05-27T07:50:09.000-04:00
df1,2019-05-27 11:50:11+00:00,DavidKubot,David Kubot,,,,,,,,0,0,0,,,,,@CryptosBatman Bitcoin keychain üòÇ,en,2019-05-27T07:50:11.000-04:00
df1,2019-05-27 11:50:12+00:00,GolebiewskiGreg,Greg Golebiewski,,,,,,,,0,0,0,,,,,"@illespal @mdudas My original point though was in response to Dudas' With BTC at $8000, this is your chance to get rich. I think it is important for all would-be BTC millionaires to understand how speculative assets gain/lose its value.",en,2019-05-27T07:50:12.000-04:00
df1,2019-05-27 11:50:16+00:00,RolloMcFloogle,Rollo McFloogle,,,,,,,,0,0,0,,,,,Does anyone have the URL to the website that shows how much more time is needed to confirm a transaction on a bunch of altcoins to have the equivalent proof of work of a #Bitcoin confirmation? I cannot remember it for the life of me.,en,2019-05-27T07:50:16.000-04:00
df1,2019-05-27 11:50:18+00:00,PaulMcGowan75,Paul McGowan,,,,,,,,0,0,0,,,,,#MATIC üëä,,2019-05-27T07:50:18.000-04:00
df1,2019-05-27 11:50:21+00:00,techterrene,Techterrene,,,,,,,,0,0,0,,,,,Bitcoin rallies 10% to hit 12-month¬†high https://t.co/MRTajQw1xG,en,2019-05-27T07:50:21.000-04:00
df1,2019-05-27 11:50:24+00:00,PaulESamson,Paul Samson,,,,,,,,0,0,0,,,,,(15 Great Ways for Absolute Beginners to Learn About Bitcoin (BTC)) News Aggregated By https://t.co/HdKcH29ZKZ - https://t.co/PoOebNFBMU #Crypto #cryptocurrency #Cryptonews,en,2019-05-27T07:50:24.000-04:00
df1,2019-05-27 11:50:28+00:00,andrewfinney79,AndrewMacLean-Finney,,,,,,,,0,0,0,,,,,@ElizabethNoll @redditships Probably still in Bitcoin. Bought 300k and then it dropped 2/3rds in price leaving 100k. Husband has probably been holding onto it for a year going it will recover and he can put it back without ever telling her.,en,2019-05-27T07:50:28.000-04:00
df1,2019-05-27 11:50:29+00:00,DetroitCrypto,J. Scardina,,,,,,,,0,0,0,,,,,Current Crypto Prices!,,2019-05-27T07:50:29.000-04:00
df1,2019-05-27 11:50:34+00:00,coinspectator,Coin Spectator - Real-time cryptocurrency news,,,,,,,,0,0,0,,,,,How to Buy Litecoin in 2019 ‚Äì Preparing for the Litecoin... #bitcoin #altcoins #ico Cryptocurrency News https://t.co/3eWSC3LEU5 https://t.co/RtS50QBvCP,en,2019-05-27T07:50:34.000-04:00
df1,2019-05-27 11:50:36+00:00,ThinkingETH,Arthur (Ether is Money),,,,,,,,0,0,0,,,,,"@KelvinK06741463 Just curious, how do you package the BTC gift in a more presentable way? Giving her a ledger and send her the BTC afterwards doesn't sound so user friendly.",en,2019-05-27T07:50:36.000-04:00
df1,2019-05-27 11:50:37+00:00,rhum01,rhum,,,,,,,,0,0,0,,,,,@JohnLafrance looking at the weekly candles -&gt;,,2019-05-27T07:50:37.000-04:00
df1,2019-05-27 11:50:39+00:00,Ziba59188395,Ziba,,,,,,,,0,0,0,,,,,"@AliveCasino ,@ARFREYR, @ArthurB ,@ZiaNabavi1 ,@AmeerRosic ,@coin_wonder ,@wizkidayo ,@yegg ,@cni ,@bijancbayne ,@bah",en,2019-05-27T07:50:39.000-04:00
df1,2019-05-27 11:50:39+00:00,CryptoBreakNews,Crypto Breaking News,,,,,,,,0,0,0,,,,,Why Analysts are Adamant Bitcoin Rally is Just Gettin‚Äô Started After 130%¬†Gain https://t.co/WP1n4mLEPc https://t.co/w1YJNoyOTa,en,2019-05-27T07:50:39.000-04:00
df1,2019-05-27 11:50:39+00:00,Zel_Core,ZelCore-with ‚ù§Ô∏è by $Zel,,,,,,,,0,3,2,,,,,Win + ‚ù§Ô∏è https://t.co/3vfzboSaad,en,2019-05-27T07:50:39.000-04:00
df1,2019-05-27 11:50:40+00:00,dcolgren,David Colgren,,,,,,,,0,0,0,,,,,Bitcoin Climbs to Highest in a Year Amid Cryptocurrency Comeback https://t.co/28VeeDZSLj,en,2019-05-27T07:50:40.000-04:00
df1,2019-05-27 11:50:41+00:00,IDOLCOIN_bot,IDOLCOIN Price,,,,,,,,0,0,0,,,,,$IDOL(BTC),,2019-05-27T07:50:41.000-04:00
df1,2019-05-27 11:50:41+00:00,dcolgren,David Colgren,,,,,,,,0,0,0,,,,,The latest BLOCKCHAIN &amp; DISTRIBUTED LEDGER! https://t.co/9TYdsJjNKd Thanks to @joel02029804 @BlockChainCampu @Fintech__Forum #blockchain #bitcoin,en,2019-05-27T07:50:41.000-04:00
df1,2019-05-27 11:50:46+00:00,digital_mine_,digital mine ‚ö°ü§ñüë®‚Äçüíª,,,,,,,,0,0,0,,,,,Daily profit for HODLING BTC since 2013 Data taken since 29/10/2018 @ 10:45am (UTC) Updated every hour #bitcoin #btc #cryptocurrency #blockchain #cryptotrade #profit #digitalmine https://t.co/TrBji0Se0w,en,2019-05-27T07:50:46.000-04:00
df1,2019-05-27 11:50:47+00:00,bitcoin_ox,Bitcoin OX,,,,,,,,55,45,45,,,,,Follow! Like! Retweet!,,2019-05-27T07:50:47.000-04:00
df1,2019-05-27 11:50:49+00:00,Rahulku48630663,Rahulxyz,,,,,,,,0,0,0,,,,,nice project good one ##,,2019-05-27T07:50:49.000-04:00
df1,2019-05-27 11:50:49+00:00,ArifSaiyad_ASA,Arif Saiyad,,,,,,,,0,6,1,,,,,It was wonderful meeting @bobbyclee along with @KB_Shroff. We had a great time discussing the industry and its future trends.,,2019-05-27T07:50:49.000-04:00
df1,2019-05-27 11:50:53+00:00,WhatsappEmoji,whatshappening,,,,,,,,0,0,0,,,,,1. #BTC: $8704.59 (9.36%),,2019-05-27T07:50:53.000-04:00
df1,2019-05-27 11:50:55+00:00,boukman2004,Senet Achil,,,,,,,,0,0,0,,,,,"$BTC.X Robinhood Uses BitLicense, Brings Zero-Fee Crypto Trading to New York https://t.co/wKV7dENVXa",en,2019-05-27T07:50:55.000-04:00
df1,2019-05-27 11:50:55+00:00,BitcoinBlockNtf,BitcoinBlockNotifier,,,,,,,,0,0,0,,,,,-=[ 578.020 ]=-,,2019-05-27T07:50:55.000-04:00
df1,2019-05-27 11:50:55+00:00,BitcoinBlockNtf,BitcoinBlockNotifier,,,,,,,,0,0,0,,,,,-=[ 578.019 ]=-,,2019-05-27T07:50:55.000-04:00
df1,2019-05-27 11:50:58+00:00,hammileon,–í–∏–∫—Ç–æ—Ä,,,,,,,,0,0,0,,,,,I liked the project very much,en,2019-05-27T07:50:58.000-04:00
df1,2019-05-27 11:50:58+00:00,GabeCoin,Gabriel Sukenik,,,,,,,,0,0,0,,,,,"Dear @tokenhiphop, this is your crypto advisor w the latest update in the markets.",,2019-05-27T07:50:58.000-04:00
df1,2019-05-27 11:51:00+00:00,wpeace4886,TWpeace4886,,,,,,,,0,0,0,,,,,Praise #Satoshi another 10 #Bitcoin blocks have been found! Be thankful for EVERY Block! Block #: 578020 Hash: 000000000000000000178b495c00fd4def4bca1e0440fb3118d696b92bef3050 https://t.co/r4WZ03PbWV,en,2019-05-27T07:51:00.000-04:00
df1,2019-05-27 11:51:01+00:00,DeepaBh00343796,Deepa Bhardwaj,,,,,,,,0,0,0,,,,,Pls save cuttoff 60/ 65,en,2019-05-27T07:51:01.000-04:00
df1,2019-05-27 11:51:01+00:00,WawasanCepat,Boboho,,,,,,,,0,0,0,,,,,@bobohokeren01 @sex_kimcil @utamipanjaitan6 @nanaswandanahi1 @kritingkeren212 @tigorketot @tirnahushus @TirnaAyudia @helioskeren @fiedmyelitaput1,en,2019-05-27T07:51:01.000-04:00
df1,2019-05-27 11:51:01+00:00,Dosto420,Shoyli Sheikh,,,,,,,,0,0,0,,,,,The best in class protocol for insurance specially designed with cryptocurrency in mind. More information visit : https://t.co/DFsLUv8xS1,,2019-05-27T07:51:01.000-04:00
df1,2019-05-27 11:51:02+00:00,James_heart7,James_about_health,,,,,,,,0,0,0,,,,,"Bitcoin nears $9,000 as it breaks through its highest level this year https://t.co/sRDNuDAgKW",en,2019-05-27T07:51:02.000-04:00
df1,2019-05-27 11:51:03+00:00,BlockWatcher,Block Watcher,,,,,,,,0,0,0,,,,,Mon May 27 13:50:44 2019 (0:08),,2019-05-27T07:51:03.000-04:00
df1,2019-05-27 11:51:06+00:00,Bitcoin_Win,Bitcoin Warrior,,,,,,,,0,0,0,,,,,Bitcoin price prediction: BTC prices primed for small correction that could evolve into a major¬†correction https://t.co/EReoNA2VSO https://t.co/fCq5vvcDDy,en,2019-05-27T07:51:06.000-04:00
df1,2019-05-27 11:51:07+00:00,dotmops,.mops,,,,,,,,0,0,0,,,,,"don't care if CSW is satoshi or not, what I'm sure about is BSV will pump a decent amount in a real bull run üëåüèªgimme gimme",en,2019-05-27T07:51:07.000-04:00
df1,2019-05-27 11:51:08+00:00,gravityf0rce,universal mind,,,,,,,,0,0,0,,,,,"In the last edition of ‚ÄúCrypto Trader Digest‚Äù it was suggested that the recent IEO boom is a sign of returning Bitcoin bulls. IEOs have already seen massive success: Bitfinex raising $1 billion from investors, Binance seeing long lines for its IEOs. https://t.co/oLtOyRiKle",en,2019-05-27T07:51:08.000-04:00
df1,2019-05-27 11:51:09+00:00,tomar_saniya,Saniya Tomar,,,,,,,,0,0,0,,,,,@bitcoin13401109,,2019-05-27T07:51:09.000-04:00
df1,2019-05-27 11:51:11+00:00,mrtrilllife,Daniel Esekhile,,,,,,,,0,0,0,,,,,"Bitcoin Price Backs Off 12 Month Highs, But Bias Remains Bullish https://t.co/VkZkfI7Why #CryptoToday",en,2019-05-27T07:51:11.000-04:00
df1,2019-05-27 11:51:13+00:00,Wbackdown,Won‚Äôt ‚Çøack Down üí•üöÄ,,,,,,,,1,4,2,,,,,Planing on going to sleep and waking up to either Bitcoin at 10k or my Alts popping.,,2019-05-27T07:51:13.000-04:00
df1,2019-05-27 11:51:14+00:00,KBryanW,Bryan Walker,,,,,,,,0,0,0,,,,,@VoluntaryNation Bitcoin's designed to make central control as difficult as possible and maintain soundness (falling inflation/supply cap).,,2019-05-27T07:51:14.000-04:00
df1,2019-05-27 11:51:14+00:00,HammerToe,Matt Hamilton,,,,,,,,0,0,0,,,,,"@BTC_de_Blog @shilch_ @DeutschlandXrp Right. Yes, a Bitcoin full node needs the full history to operate due to the UTXO nature of it. You don't need that with a node on the XRP ledger. That is why it is so much faster to spin up and sync a node on the XRP Ledger.",en,2019-05-27T07:51:14.000-04:00
df1,2019-05-27 11:51:15+00:00,ZucksArmy,Zuck's Army,,,,,,,,0,0,0,,,,,"Bitcoin Holds onto Gains as it Rises Above $8,600 https://t.co/TwDKF08kFW",en,2019-05-27T07:51:15.000-04:00
df1,2019-05-27 11:51:18+00:00,a_hamdyofficial,Voodoo,,,,,,,,0,0,0,,,,,@APompliano @Nouriel Please have a mercy on him... regret is killing him because he didn't believe in Bitcoin ü§£ü§£ü§£ü§£ü§£,en,2019-05-27T07:51:18.000-04:00
df1,2019-05-27 11:51:19+00:00,YellingLion,Yelling Lion Studio,,,,,,,,0,0,0,,,,,Success,,2019-05-27T07:51:19.000-04:00
df1,2019-05-27 11:51:22+00:00,bitcoinagile,BitcoinAgile,,,,,,,,0,0,0,,,,,"#bitcoin Holds onto Gains as it Rises Above $8,600 https://t.co/443qauccqg",en,2019-05-27T07:51:22.000-04:00
df1,2019-05-27 11:51:24+00:00,Glowto1994,Glowto,,,,,,,,0,0,0,,,,,@Bullyena Had the anomaly due to BTC but still valid in my opinion. I‚Äôm holding,en,2019-05-27T07:51:24.000-04:00
df1,2019-05-27 11:51:27+00:00,Inchingo,Did you wash your legs & feet today nasty?,,,,,,,,0,0,0,,,,,D.I.V.O.R.C.E.,en,2019-05-27T07:51:27.000-04:00
df1,2019-05-27 11:51:28+00:00,Bob_Hopium,Bob Hopium üöÄüöÄüöÄüôèüèªüíéüíéüíé,,,,,,,,0,0,0,,,,,This is a great explanation $rsr,en,2019-05-27T07:51:28.000-04:00
df1,2019-05-27 11:51:29+00:00,SquidCurious,CuriousSquid,,,,,,,,0,0,0,,,,,39 #Cryptocurrency Hacks: $1.93 Billion in Loss Over 5 Years,,2019-05-27T07:51:29.000-04:00
df1,2019-05-27 11:51:34+00:00,bornaprpic,Borna Prpic,,,,,,,,0,0,0,,,,,"@eevblog Well, you even have anonymous bitcoin cash machines here in Europe.",en,2019-05-27T07:51:34.000-04:00
df1,2019-05-27 11:51:36+00:00,tomar_saniya,Saniya Tomar,,,,,,,,0,0,0,,,,,@cryptoc77528931,,2019-05-27T07:51:36.000-04:00
df1,2019-05-27 11:51:37+00:00,DetroitCrypto,J. Scardina,,,,,,,,0,0,0,,,,,Current Crypto Prices!,,2019-05-27T07:51:37.000-04:00
df1,2019-05-27 11:51:40+00:00,cryptoprotocol_,Crypto protocol,,,,,,,,0,0,1,,,,,It happened. Could $10k be next for bitcoin? https://t.co/dkpQQCtPTj,en,2019-05-27T07:51:40.000-04:00
df1,2019-05-27 11:51:42+00:00,KanoTheTruth,KanoÀ¢·µõ,,,,,,,,0,0,0,,,,,@sheikki @APompliano The people that get rekt will never forget $btc üòÇ ü§¶‚Äç‚ôÇÔ∏è,en,2019-05-27T07:51:42.000-04:00
df1,2019-05-27 11:51:44+00:00,gilian1989,Gilian,,,,,,,,0,0,0,,,,,"@mohikandan @whalepool @saifedean @TuurDemeester @aantonop They still don't have to call everything but bitcoin a shitcoin, wish for losses for altcoin holders or call everything but bitcoin completely worthless. It's elitist and toxic.",,2019-05-27T07:51:44.000-04:00
df1,2019-05-27 11:51:45+00:00,r_gadangholic,welly r'gadangholic,,,,,,,,0,0,0,,,,,"2nd round 1000T free BTC hashrate giveaway,follow our twitter&amp;invite friends to follow for more BTC hashrate! https://t.co/3UbEcZPwao",en,2019-05-27T07:51:45.000-04:00
df1,2019-05-27 11:51:48+00:00,graysonjlm,grayson,,,,,,,,0,0,0,,,,,"\"@IAMboater @DeaterBob VC in any \"\"crypto\"\" other than BTC is a waste because literally 0 of these alts will succeed.  Yes, you can speculate on a hot new alt and rip 100x but in the long run you're just wasting economic enery with, what is essentially, a big hyped up roulette wheel\"",en,2019-05-27T07:51:48.000-04:00
df1,2019-05-27 11:51:48+00:00,BitcoinBlockBot,BitcoinBlocks,,,,,,,,0,0,0,,,,,"Block Number: 578,020",,2019-05-27T07:51:48.000-04:00
df1,2019-05-27 11:51:48+00:00,BitcoinBlockBot,BitcoinBlocks,,,,,,,,0,0,0,,,,,"Block Number: 578,019",,2019-05-27T07:51:48.000-04:00
df1,2019-05-27 11:51:52+00:00,MoneyhealthF,MoneyHealth &Finance,,,,,,,,0,0,0,,,,,"Ease of #business Ease of business If Prime Minister Imran Khan ‚Ä¶ Pakistan‚Äôs ease of doing business score, then all he needs ‚Ä¶ https://t.co/6Nzhy0i65d #bitcoin #stocks #news https://t.co/lHHhm4vv9B",en,2019-05-27T07:51:52.000-04:00
df1,2019-05-27 11:51:53+00:00,job_scenar,Morpheus is Black Odero Omolo,,,,,,,,0,0,0,,,,,THE BITCOIN WHITEPAPER,,2019-05-27T07:51:53.000-04:00
df1,2019-05-27 11:51:54+00:00,geminigoldsaint,Lukman NH (a.k.a Lucky Sign),,,,,,,,0,0,0,,,,,What's Happening? Ask twitter.,,2019-05-27T07:51:54.000-04:00
df1,2019-05-27 11:51:55+00:00,SCOTTISHAGAINST,B,,,,,,,,0,0,0,,,,,#bitcoin #xrp #vechain #blockchain #Crypto #Cryptocurency xrp #Celtic https://t.co/vavhxB4SkA,en,2019-05-27T07:51:55.000-04:00
df1,2019-05-27 11:51:56+00:00,Rahulku48630663,Rahulxyz,,,,,,,,0,0,0,,,,,nice project good one,,2019-05-27T07:51:56.000-04:00
df1,2019-05-27 11:51:56+00:00,JasonA181,Jason A,,,,,,,,0,0,0,,,,,"#BTC,#LTC,#XRP Top 6 cryptocurrencies all manipulated 26May 2019 7pm -9pm see Tradingview charts.  NOT subtle",en,2019-05-27T07:51:56.000-04:00
df1,2019-05-27 11:51:57+00:00,fatih_dr5858,Fatih Yƒ±ldƒ±rƒ±m,,,,,,,,0,0,0,,,,,@Florian_Advisor @gotogodofficial @KYC3COM @kartiywallet @LOVEAirCoffee @swapcoinz @huyen32305814 @FreecoinHunt @p2psf @aibbio,en,2019-05-27T07:51:57.000-04:00
df1,2019-05-27 11:51:59+00:00,alice_xxxaaa,"Alice @ crypto income only over $ 10,000 a month",,,,,,,,0,0,0,,,,,Today income was $ 517üëë It was good to do it‚ú®Install and operate the wallet app‚ù£Ô∏è,,2019-05-27T07:51:59.000-04:00
df1,2019-05-27 11:52:01+00:00,denissesandu,Denisse Sandu,,,,,,,,0,0,0,,,,,btc bitcoin exchange - Binance https://t.co/Iu2Q2oEB91,en,2019-05-27T07:52:01.000-04:00
df1,2019-05-27 11:52:01+00:00,FinZTribune,ZTribune,,,,,,,,0,0,0,,,,,May 26-27 was a good day for Bitcoin Supreme $BSPM after 1.33% increase https://t.co/7QklqMauor,en,2019-05-27T07:52:01.000-04:00
df1,2019-05-27 11:52:02+00:00,HowardKoo_IM,Howard Koo,,,,,,,,0,0,0,,,,,"New post: Top 3 Price Prediction Bitcoin, Ripple, Ethereum: BTC/USD struggles to maintain newly conquered https://t.co/1pZ1xJI0TN",en,2019-05-27T07:52:02.000-04:00
df1,2019-05-27 11:52:03+00:00,cryptonewszcom,CryptoNewsZ,,,,,,,,0,0,0,,,,,@bitcoingold #PriceAnalysis : #BitcoinGold might witness good days in the near future,,2019-05-27T07:52:03.000-04:00
df1,2019-05-27 11:52:03+00:00,fortivus,Fortivus Strategy Consulting,,,,,,,,0,0,0,,,,,Art of Trading #Trading #GOLD #bitcoin  https://t.co/9Bi0YSXSse,en,2019-05-27T07:52:03.000-04:00
df1,2019-05-27 11:52:03+00:00,Pillai_Sunil,Sunil G Pillai,,,,,,,,0,0,0,,,,,"Can 10,000 brains and an AI called Rose predict the price of Bitcoin? https://t.co/VRIpTtqlS1 #ai",en,2019-05-27T07:52:03.000-04:00
df1,2019-05-27 11:52:03+00:00,iagunyl,Iaguny@FollowbacküíØ@Bitcoin@Crypto,,,,,,,,0,0,0,,,,,Followback in 24h  U.S. women ready for World Cup https://t.co/pCmcTS40cs  IFB ETH BTC Crypto https://t.co/e6jJCxLytC,en,2019-05-27T07:52:03.000-04:00
df1,2019-05-27 11:52:05+00:00,coinwisdom2017,Coin Wisdom News,,,,,,,,0,0,0,,,,,[News BTC] Why Analysts are Adamant #Bitcoin Rally is Just Gettin‚Äô Started After 130% Gain https://t.co/VBTKwyNS6S #CryptoCurrencies,en,2019-05-27T07:52:05.000-04:00
df1,2019-05-27 11:52:05+00:00,Cryptobuddy13,Cryptobuddy,,,,,,,,0,0,0,,,,,"Bitcoin Surges to Highest Price For Over a Year, Will it Reach $10k This Week?",,2019-05-27T07:52:05.000-04:00
df1,2019-05-27 11:52:05+00:00,iagunyl,Iaguny@FollowbacküíØ@Bitcoin@Crypto,,,,,,,,0,0,0,,,,,Followback in 24h  Pagenaud holds off Rossi to win 103rd Indy 500 https://t.co/8aq75OT92h  IFB ETH BTC Crypto https://t.co/gqsUQd62sI,en,2019-05-27T07:52:05.000-04:00
df1,2019-05-27 11:52:05+00:00,macrodesiac_,David Belle,,,,,,,,7,28,3,,,,,Here is the next level you want to buy at $BTC https://t.co/rTiAgw4IgJ,en,2019-05-27T07:52:05.000-04:00
df1,2019-05-27 11:52:07+00:00,tomar_saniya,Saniya Tomar,,,,,,,,0,0,0,,,,,@crypto_goat_,,2019-05-27T07:52:07.000-04:00
df1,2019-05-27 11:52:07+00:00,palevell,Patrick Allan üá®üá¶üá∫üá∏,,,,,,,,0,5,1,,,,,The latest The Patrick Allan Daily! https://t.co/9lClThV16q Thanks to @heathrodgirs @lightbkey @KingofDaddys #bitcoin #cdnpoli,en,2019-05-27T07:52:07.000-04:00
df1,2019-05-27 11:52:10+00:00,Cryptoformatics,Cryptoformatics Hub,,,,,,,,0,0,1,,,,,Being irresponsible is when you don't buy #bitcoin or #ethereum. üòÇüòâ,en,2019-05-27T07:52:10.000-04:00
df1,2019-05-27 11:52:11+00:00,my_first_1btc,Crypto-info,,,,,,,,0,0,0,,,,,#cryptocurrencies #crypto #altcoins #cryptotrading #BTC #blockchain Angel Crypto Investor Roger Ver and Lightning Network Supporter Tone Vays: A Look at the Debate https://t.co/ctr299PfJV,en,2019-05-27T07:52:11.000-04:00
df1,2019-05-27 11:52:11+00:00,yusfreak,Yus,,,,,,,,0,0,0,,,,,Why Analysts are Adamant Bitcoin Rally is Just Gettin‚Äô Started After 130% Gain https://t.co/bJVM2pNz3M https://t.co/xukQH4M85I,en,2019-05-27T07:52:11.000-04:00
df1,2019-05-27 11:52:11+00:00,my_first_1btc,Crypto-info,,,,,,,,0,0,0,,,,,#cryptocurrencies #crypto #altcoins #cryptotrading #BTC #blockchain IOTA Price Prediction Today: Daily (MIOTA) Value Forecast ‚Äì May 27 https://t.co/dnmGdaMhAQ,en,2019-05-27T07:52:11.000-04:00
df1,2019-05-27 11:52:15+00:00,Ysruh_El,Fernando Mart√≠nez,,,,,,,,0,0,0,,,,,"Bitcoin, ETH, Iota, Brave...EL FUTURO https://t.co/PQ8VYRd1Qr",en,2019-05-27T07:52:15.000-04:00
df1,2019-05-27 11:52:16+00:00,odebdeb,KING MON,,,,,,,,0,0,0,,,,,@paxful @paxful,,2019-05-27T07:52:16.000-04:00
df1,2019-05-27 11:52:17+00:00,GeorgeGlorio,GeorgeGlorio,,,,,,,,0,0,0,,,,,Check this article from @Quark_Chain  #QKC #Blockchain #BTC #blockchaintechnology #sharding,en,2019-05-27T07:52:17.000-04:00
df1,2019-05-27 11:52:20+00:00,javadth71,javadth Ÿàÿ®⁄Øÿ±ÿØ,,,,,,,,0,0,0,,,,,@MeqdadLocation https://t.co/kHBff7zJDF,en,2019-05-27T07:52:20.000-04:00
df1,2019-05-27 11:52:20+00:00,cceptence,++,,,,,,,,0,0,0,,,,,@plugging can I pay you btc take one hahaha,en,2019-05-27T07:52:20.000-04:00
df1,2019-05-27 11:52:20+00:00,optbus_hw45,Optimized Business,,,,,,,,0,0,0,,,,,Top 3 Bitcoin Investment¬†Risks https://t.co/OdTzeX0SMM https://t.co/hw2ntCiHYN,en,2019-05-27T07:52:20.000-04:00
df1,2019-05-27 11:52:23+00:00,CuanERC20,CUAN ERC20,,,,,,,,0,0,0,,,,,Beacon Chain Update: Buterin Proposes Changes to Ethereum 2.0 https://t.co/wMI8e75S5P #cryptocurrency #bitcoin #crypto #blockchain #ethereum #btc #money #forex #bitcoinmining #trading #cryptonews #investing #investment #eth #litecoin #business #investor #bitcoinnews #bitcoins #‚Ä¶,en,2019-05-27T07:52:23.000-04:00
df1,2019-05-27 11:52:24+00:00,Benysatriaputr3,Beny satria putra,,,,,,,,0,0,0,,,,,Successful anf hoppefully smoothly for this project. l am proud to be able to pparticipate in this project,,2019-05-27T07:52:24.000-04:00
df1,2019-05-27 11:52:25+00:00,riko_pranata2,RikoPranata,,,,,,,,0,0,0,,,,,@huongthi44,,2019-05-27T07:52:25.000-04:00
df1,2019-05-27 11:52:26+00:00,Crypto_Nikki,Crypto Nikki,,,,,,,,0,0,0,,,,,Why Analysts are Adamant Bitcoin Rally is Just Gettin‚Äô Started After 130% Gain https://t.co/0WOwKKu4KJ,en,2019-05-27T07:52:26.000-04:00
df1,2019-05-27 11:52:28+00:00,forexcrunch,Forex Crunch,,,,,,,,0,0,0,,,,,Bitcoin price prediction: BTC/USD consolidates gains - Bitcoin confluence - https://t.co/jSEC61IVZe https://t.co/CGuTi4y3BE,en,2019-05-27T07:52:28.000-04:00
df1,2019-05-27 11:52:28+00:00,Mbuijames,James,,,,,,,,0,0,0,,,,,"#bitcoin at $150 B market cap, at $8,700",,2019-05-27T07:52:28.000-04:00
df1,2019-05-27 11:52:28+00:00,nafisalam,Nafis Alam,,,,,,,,0,0,0,,,,,And the #Bitcoin madness is back as it touches $8900. How many #speculators are ready to burn their hands. But wait until it drops back to $4k,,2019-05-27T07:52:28.000-04:00
df1,2019-05-27 11:52:36+00:00,cryptohellmuth,Phill,,,,,,,,0,0,0,,,,,very cool project!,,2019-05-27T07:52:36.000-04:00
df1,2019-05-27 11:52:39+00:00,coinspectator,Coin Spectator - Real-time cryptocurrency news,,,,,,,,0,0,0,,,,,The Situation Complicates For Cryptopia As Arizona Demands $2... #ethereum #btc #altcoins User Database https://t.co/HElt6kf5xR https://t.co/yAVRC53erh,en,2019-05-27T07:52:39.000-04:00
df1,2019-05-27 11:52:43+00:00,PaulMcGowan75,Paul McGowan,,,,,,,,0,0,0,,,,,Oh wow... look at #MATIC on the 6hr chart and you'll see its copying the pattern I just highlighted on the #BITCOIN chart...,,2019-05-27T07:52:43.000-04:00
df1,2019-05-27 11:52:44+00:00,DetroitCrypto,J. Scardina,,,,,,,,0,0,0,,,,,Current Crypto Prices!,,2019-05-27T07:52:44.000-04:00
df1,2019-05-27 11:52:48+00:00,Ultragate_,Ultragate,,,,,,,,0,0,0,,,,,Blockrewards increased to 50 ULG. Make some nice #profits with your ULG #masternode.,,2019-05-27T07:52:48.000-04:00
df1,2019-05-27 11:52:48+00:00,klimenos,Klimenos,,,,,,,,0,0,0,,,,,"@JonErlichman Buy Gold, sell BTC. https://t.co/pgUJ9fuC37",en,2019-05-27T07:52:48.000-04:00
df1,2019-05-27 11:52:49+00:00,BTC_kamehameha,Vegeta üí≠,,,,,,,,0,0,0,,,,,@Wijnmee @jarzoombek Give me a heads up when you throw that 1 btc at fldcüòè,en,2019-05-27T07:52:49.000-04:00
df1,2019-05-27 11:52:52+00:00,sigizmundo8,sigizmund,,,,,,,,0,0,0,,,,,GOD!,,2019-05-27T07:52:52.000-04:00
df1,2019-05-27 11:52:55+00:00,Crypto_Nuggets,CryptoNugs.club üï≥ üêá,,,,,,,,0,0,0,,,,,"@Emperor_YZ So youre saying once Bitcoin reaches a certain price per Bitcoin it can back enough dollars in circulation and be sufficient to fuel the world economy?  But if BTC were a reserve currency I would think value would be denominated in BTC, not USD.",en,2019-05-27T07:52:55.000-04:00
df1,2019-05-27 11:52:55+00:00,tomar_saniya,Saniya Tomar,,,,,,,,0,0,0,,,,,@Cryptomillions2,,2019-05-27T07:52:55.000-04:00
df1,2019-05-27 11:52:56+00:00,coinspectator,Coin Spectator - Real-time cryptocurrency news,,,,,,,,0,0,0,,,,,LTC Price Spikes 12 Percent as Litecoin Usage Rises Along with Transactio... #bitcoin #altcoins #altcoin https://t.co/FNYX1MCoir https://t.co/9nkFRU2NGQ,en,2019-05-27T07:52:56.000-04:00
df1,2019-05-27 11:53:00+00:00,CasinosandGames,Casinos And Games,,,,,,,,0,0,0,,,,,"Fair Go Casino - 25 Free Spins for All Players and Monday Bonus 100% +25  https://t.co/gvSvLIhtuG Reliable #Crypto #Bitcoin Casino for #Australia, #France, USA, and most countries https://t.co/aAwa69Mkky",en,2019-05-27T07:53:00.000-04:00
df1,2019-05-27 11:53:00+00:00,Nakameowdough,Satoshi Nakameowdough,,,,,,,,0,0,0,,,,,"@KyleMacLeanX @Crypt0Jordan Ultimately I think this a concern of the authorities. The fact is, in a market with such low liquidity, if you have capital it's relatively simple for you to flex and make bank, ALTs are largely pointless, except for making more BTC.",en,2019-05-27T07:53:00.000-04:00
df1,2019-05-27 11:53:03+00:00,ErikTaban,Erik Taban,,,,,,,,0,0,0,,,,,Boys looks like we need to dump $ALTS and buy back $BTC .....look at this man ...,,2019-05-27T07:53:03.000-04:00
df1,2019-05-27 11:53:03+00:00,AlertTrade,"Trade Alerts, Trade Ideas and Crypto üìà",,,,,,,,0,0,2,,,,,"Bitcoin - $9,000, making everything possible https://t.co/KdoKRIoWQl üöÄNash (NEX) about to Mo0n? ‚ü∂ https://t.co/ibHB6cxFSX ‚àö https://t.co/WGaZ7oHVsm",en,2019-05-27T07:53:03.000-04:00
df1,2019-05-27 11:53:04+00:00,ilham_rabiul,andy_lam,,,,,,,,0,0,0,,,,,Free airdrop 50 coin cpol  and earn to 0.1 eth,,2019-05-27T07:53:04.000-04:00
df1,2019-05-27 11:53:06+00:00,voypedia,Voypedia Store,,,,,,,,0,0,0,,,,,Wow! Making bitcoin online is so easy.,,2019-05-27T07:53:06.000-04:00
df1,2019-05-27 11:53:06+00:00,BinexNews,Binex News,,,,,,,,0,1,1,,,,,"Japanese cryptocurrency exchange Taotao, which is 40% owned by internet giant @Yahoo Japan‚Äôs #YJFX, will launch its trading service on May 30 &amp; will initially offer to trade in Bitcoin (#BTC) &amp; Ether (#ETH). Margin trading will also be available in #LTC, #XRP &amp; #BCH.",en,2019-05-27T07:53:06.000-04:00
df1,2019-05-27 11:53:10+00:00,bitcoinagile,BitcoinAgile,,,,,,,,0,0,0,,,,,"#bitcoin - $9,000, making everything possible for COINBASE:BTCUSD by CryptoComes https://t.co/gryILDhgPf https://t.co/EF6v4SmBuH",en,2019-05-27T07:53:10.000-04:00
df1,2019-05-27 11:53:12+00:00,topisto42,TOPISTO,,,,,,,,0,0,0,,,,,Lucky One on #bitcoin #blockchain 's,,2019-05-27T07:53:12.000-04:00
df1,2019-05-27 11:53:18+00:00,mrhenrypye,Henry Wira,,,,,,,,0,0,0,,,,,"Great weekend @ Silverstone, FIA World Rallycross Championship!",en,2019-05-27T07:53:18.000-04:00
df1,2019-05-27 11:53:19+00:00,CryptoMagical,Crypto Magical,,,,,,,,0,0,0,,,,,Take that bears üëä,,2019-05-27T07:53:19.000-04:00
df1,2019-05-27 11:53:20+00:00,Andr3wJackson,AndrewJackson,,,,,,,,0,0,0,,,,,"\"@VoluntaryNation @FarmerNerdtv \"\"Effortless\"\"? Bitcoin is more effortless (for me) to convert too fiat, the goal is not to have just merchants but to trade between men and woman, and there are billions of them (I haven't counted the men and woman but that's what they tell us)\"",en,2019-05-27T07:53:20.000-04:00
df1,2019-05-27 11:53:23+00:00,SenecaScalps,Seneca Scalps,,,,,,,,0,0,0,,,,,"\"@jcho710 Come on jcho, grow a pair. Bitcoin is going to $100, right? If it was a \"\"gift\"\" to short at 4.7k, an entry 2X that is even better. Tell the risk nannies at your prop house to fuck off and keep layering shorts all the way to 20k. Do it with your own money, if you must.\"",en,2019-05-27T07:53:23.000-04:00
df1,2019-05-27 11:53:27+00:00,lacer2k,Livio Andrea Acerbo,,,,,,,,0,0,0,,,,,Bitcoin Price Will Nosedive After Dead Cat Bounce: Crypto Blogger,,2019-05-27T07:53:27.000-04:00
df1,2019-05-27 11:53:34+00:00,CryptoNewswire,CryptoNewswire üåê,,,,,,,,0,0,0,,,,,WildRig Multi 0.17.1 Beta AMD GPU Miner With Support for the New X25x Algorithm - https://t.co/4y1jpROajy $BTC #markets #blockchain,en,2019-05-27T07:53:34.000-04:00
df1,2019-05-27 11:53:37+00:00,HattoriHundo,dane,,,,,,,,0,0,0,,,,,Why does everyone want to be a bear so badly on $btc,en,2019-05-27T07:53:37.000-04:00
df1,2019-05-27 11:53:40+00:00,cripto247,Cripto247,,,,,,,,0,6,3,,,,,Precio actual #Bitcoin,,2019-05-27T07:53:40.000-04:00
df1,2019-05-27 11:53:44+00:00,webnowcompany,webnow,,,,,,,,0,0,0,,,,,#BTC #BCH The HitBTC cryptocurrency exchange has had to deal with a backlash after it froze accounts over fears of a mass exodus and was then accused by John McAfee ...Read more: https://t.co/MspXEX11sO,en,2019-05-27T07:53:44.000-04:00
df1,2019-05-27 11:53:45+00:00,PrincessPaglin1,Princess Paglinawan,,,,,,,,0,0,0,,,,,[https://t.co/DX5QqwjdWs Market Surveillance May 27: BTC Up By Nearly 10%],,2019-05-27T07:53:45.000-04:00
df1,2019-05-27 11:53:47+00:00,BitcoinMyFaucet,Bitcoin My Faucet,,,,,,,,0,0,0,,,,,"Bitcoin Hits Highest Price Point in Over a Year, Pushing Toward¬†$9,000 https://t.co/BXIsU7kLQm https://t.co/QMLNAZZflx",en,2019-05-27T07:53:47.000-04:00
df1,2019-05-27 11:53:48+00:00,webnowcompany,webnow,,,,,,,,0,0,0,,,,,"#BTC #TRX Bitcoin [BTC], the king of cryptocurrency market, witnessed a significant hike and breached the $8500 mark. This not only resulted in the entire cryptocurr...Read more: https://t.co/PLo9sjPqOB",en,2019-05-27T07:53:48.000-04:00
df1,2019-05-27 11:53:49+00:00,odebdeb,KING MON,,,,,,,,0,0,0,,,,,@My_Mwikali @paxful @raypaxful @paxful   @raypaxful,,2019-05-27T07:53:49.000-04:00
df1,2019-05-27 11:53:49+00:00,SquawkCrypto,Crypto squawk,,,,,,,,0,0,0,,,,,"Since morning¬†Swarm $SWM has increased by 1.29% and https://t.co/oc56mh5EWf $MCO by 6.97% (chart). Most tokens and coins are slightly higher. Bitcoin has increased by 0.11%, Ether fas fallen by 0.18%.",,2019-05-27T07:53:49.000-04:00
df1,2019-05-27 11:53:49+00:00,webnowcompany,webnow,,,,,,,,0,0,0,,,,,#BTC Craig Wright has written a long winding statement alleging that Bitcoin developers are changing the original rules of the Bitcoin blockchain...Read more: https://t.co/M9KRZEnL7A,en,2019-05-27T07:53:49.000-04:00
df1,2019-05-27 11:53:52+00:00,webnowcompany,webnow,,,,,,,,0,0,0,,,,,#BTC #BCH A growing number of NFL players want to be paid in crypto,,2019-05-27T07:53:52.000-04:00
df1,2019-05-27 11:53:52+00:00,DetroitCrypto,J. Scardina,,,,,,,,0,0,0,,,,,Current Crypto Prices!,,2019-05-27T07:53:52.000-04:00
df1,2019-05-27 11:53:52+00:00,santobd11,santo,,,,,,,,0,0,0,,,,,"Hello guys, we‚Äôre so happy to announce our exclusive community for Indonesia.And we are looking for volunteers to help us build a great place any of our admins to join us.",,2019-05-27T07:53:52.000-04:00
df1,2019-05-27 11:53:55+00:00,msdenmail,"America, I love you",,,,,,,,0,0,0,,,,,"Free cloud mining cryptocurrency. Works since 2013. Bitcoin, Ethereum, Litecoin, Bitcoin Cash, Dogecoin, Ripple, Dash, Cardano, CureCoin, NEM, Monero, Zcash, Factom, Bytecoin, STEEM, Lisk, EOS, USD, Stellar, GRIN, and Ethereum Classic. 798. Sign Up - https://t.co/wurGR0z1Pg https://t.co/8aicpyyatd",en,2019-05-27T07:53:55.000-04:00
df1,2019-05-27 11:53:59+00:00,lykan2go,Pr!e$t [NOT GIVING AWAY CRYPTO],,,,,,,,0,0,0,,,,,"@etherealKia Buy bitcoin, buy xrp",en,2019-05-27T07:53:59.000-04:00
df1,2019-05-27 11:54:00+00:00,preach,josh. ‚Çø,,,,,,,,0,0,0,,,,,@gator_bitcoin @APompliano Happy Memorial Day my friend! Long live btc üôèüéÜ,en,2019-05-27T07:54:00.000-04:00
df1,2019-05-27 11:54:01+00:00,MarkCam94074648,Krypto Kram,,,,,,,,0,0,0,,,,,@nondualrandy @CryptoLaughing So are you saying Bitcoin has been forked?,en,2019-05-27T07:54:01.000-04:00
df1,2019-05-27 11:54:01+00:00,a_pahm,Margaret Owen,,,,,,,,0,0,0,,,,,ethereum classic yahoo finance https://t.co/mP4EzeEoVD how to mine and sell ethereum,en,2019-05-27T07:54:01.000-04:00
df1,2019-05-27 11:54:03+00:00,RepoortSpike,Crypto Spikes,,,,,,,,0,0,0,,,,,Bitcoin price prediction: $BTC prices primed for small correction that could evolve into a major correction https://t.co/ZmbZzHcgN6,en,2019-05-27T07:54:03.000-04:00
df1,2019-05-27 11:54:04+00:00,Jorgemoya_91,Jorge,,,,,,,,0,0,0,,,,,NA WE BO NAAAA,en,2019-05-27T07:54:04.000-04:00
df1,2019-05-27 11:54:08+00:00,NatPostRadio,National Post Radio,,,,,,,,0,0,1,,,,,#FiatChrysler #bitcoin and more are coming up in the @financialpost Report with @GeoffZochodne who joins @anthonyfurey on @SXMCanadaTalks CH.167,en,2019-05-27T07:54:08.000-04:00
df1,2019-05-27 11:54:10+00:00,hibeekay_lee,Sugar_,,,,,,,,0,1,1,,,,,Happy children's day to Me ‚ù§‚ù§‚ù§,,2019-05-27T07:54:10.000-04:00
df1,2019-05-27 11:54:11+00:00,riko_pranata2,RikoPranata,,,,,,,,0,0,0,,,,,@NhatSuong95,,2019-05-27T07:54:11.000-04:00
df1,2019-05-27 11:54:11+00:00,coincerberus,coincerberus,,,,,,,,0,0,0,,,,,Bitcoin Price BULLISH but when PULLBACK‚Ä¶? https://t.co/D7FGyQ2rpL #cryptocurrency #cryptocurrencies #cryptonews #cryptotrading #cryptocurrencynews #cryptotrade #cryptolife,en,2019-05-27T07:54:11.000-04:00
df1,2019-05-27 11:54:16+00:00,DastardlyDaniel,‚íπ-‚ìÄ‚í∂‚ìÉ‚íº,,,,,,,,0,0,0,,,,,@MarkMarkafv @SrCapilla @woonomic The Virgin Shitcoin pattern vs the Chad Bitcoin Pattern,en,2019-05-27T07:54:16.000-04:00
df1,2019-05-27 11:54:16+00:00,Jane82139557,Jane,,,,,,,,0,0,0,,,,,#Tor #airdrop #freetoken #freecrypto,,2019-05-27T07:54:16.000-04:00
df1,2019-05-27 11:54:17+00:00,RTGDENN,Rene Dennesen,,,,,,,,0,0,0,,,,,Longer term support and resistance for #Bitcoin #BTC. https://t.co/3ZCQow1XBK,en,2019-05-27T07:54:17.000-04:00
df1,2019-05-27 11:54:18+00:00,cryptostreet5,cryptostreet,,,,,,,,0,0,0,,,,,Why Analysts are Adamant Bitcoin Rally is Just Gettin‚Äô Started After 130% Gain,en,2019-05-27T07:54:18.000-04:00
df1,2019-05-27 11:54:22+00:00,AdamJorge7,Adam Jorge,,,,,,,,0,0,0,,,,,Can Blockchain Change How We Compute Credit Scores? https://t.co/bONp8QscV0 @BitcoinRoundTbl #bitcoin #blockchain #creditscore,en,2019-05-27T07:54:22.000-04:00
df1,2019-05-27 11:54:26+00:00,PrincessPaglin1,Princess Paglinawan,,,,,,,,0,0,0,,,,,[Bitwise: Bitcoin Spot Market Is 'Significantly Smaller And Significantly More Efficient'],,2019-05-27T07:54:26.000-04:00
df1,2019-05-27 11:54:27+00:00,LorenRTechGuy,Loren Robinson,,,,,,,,0,0,0,,,,,"Litecoin Is Suddenly Rocketing, Boosting Bitcoin, Ethereum And EOS--Here's Why. #Cryptocurency #Litecoin #Bitcoin #ethereum #EOS #investing  https://t.co/B1DpBYe14b",en,2019-05-27T07:54:27.000-04:00
df1,2019-05-27 11:54:29+00:00,smith_jasona,Jasona Smith,,,,,,,,0,0,0,,,,,"@Bitcoinconvert @candaceshaw @redditships If it went up the month, he would have been considered a Genius, that said, bitcoin is a bad investment",en,2019-05-27T07:54:29.000-04:00
df1,2019-05-27 11:54:29+00:00,odebdeb,KING MON,,,,,,,,0,0,0,,,,,@raypaxful @paxful @skyzer4ever @jan_Paxful @paxful   @raypaxful,,2019-05-27T07:54:29.000-04:00
df1,2019-05-27 11:54:32+00:00,NyuuRoe,Nyuu,,,,,,,,0,0,0,,,,,"@Chris26877896 ETH is weaker right now, there is chance it wicks below 265 (on Mex) while BTC holds",en,2019-05-27T07:54:32.000-04:00
df1,2019-05-27 11:54:32+00:00,ZarkMuckerbarn,Zark‚Çøank,,,,,,,,0,0,0,,,,,Who sells #Ardor because they might miss out on #Bitcoin?   I don't think these people are from the same neck of the woods as me. üòÇ,en,2019-05-27T07:54:32.000-04:00
df1,2019-05-27 11:54:34+00:00,EASYMONEY75,EASYMONEY7,,,,,,,,0,0,0,,,,,"@BitQueenBR I sure as hell hope so! If ETHEREUM doesn‚Äôt break out against BTC soon, it could break down hard. The bias is bullish, but I‚Äôm still nervous. üò¨üò¨üò¨",en,2019-05-27T07:54:34.000-04:00
df1,2019-05-27 11:54:34+00:00,amonnews,AMONNEWS,,,,,,,,0,0,0,,,,,Let's learn!,,2019-05-27T07:54:34.000-04:00
df1,2019-05-27 12:02:00+00:00,DeribitRekt,DeribitRekt,,,,,,,,0,0,0,,,,,‚è∞ LIQUIDATION on BTC-PERPETUAL ‚ò†Ô∏èÔ∏è,,2019-05-27T08:02:00.000-04:00
df1,2019-05-27 12:02:00+00:00,DeribitRekt,DeribitRekt,,,,,,,,0,0,0,,,,,‚è∞ LIQUIDATION on BTC-PERPETUAL ‚ò†Ô∏èÔ∏è,,2019-05-27T08:02:00.000-04:00
df1,2019-05-27 12:02:00+00:00,DeribitRekt,DeribitRekt,,,,,,,,0,0,0,,,,,‚è∞ LIQUIDATION on BTC-PERPETUAL ‚ò†Ô∏èÔ∏è,,2019-05-27T08:02:00.000-04:00
df1,2019-05-27 12:02:26+00:00,In4Crypto,battbot,,,,,,,,0,0,1,,,,,Look at these current #bitmex $BTC and $ETH funding rates... lol https://t.co/scnTDOmvet,en,2019-05-27T08:02:26.000-04:00
df1,2019-05-27 12:02:52+00:00,ExpertOption1,ExpertOption,,,,,,,,0,0,0,,,,,https://t.co/WYk883koj1,en,2019-05-27T08:02:52.000-04:00
df1,2019-05-27 12:03:55+00:00,Koning_Marc,Marc de Koning,,,,,,,,0,0,0,,,,,@bittybitbit86 I've been here since 2013. Bought a boatload of btc at $150.,en,2019-05-27T08:03:55.000-04:00
df1,2019-05-27 12:05:07+00:00,Valenti03713316,Valentin,,,,,,,,0,0,1,,,,,https://t.co/G30HSLUwJc,en,2019-05-27T08:05:07.000-04:00
